Proteinas_g,Carboidratos_g,Lipideos_g,VitaminaA,VitaminaC,Calcio_mg,Ferro_mg,Peso,Sexo
1.6,8.0,2.0,900.0,90.0,1000.0,8.0,2,Homem
2.4,12.0,3.0,900.0,90.0,1000.0,8.0,3,Homem
3.2,16.0,4.0,900.0,90.0,1000.0,8.0,4,Homem
4.0,20.0,5.0,900.0,90.0,1000.0,8.0,5,Homem
4.8,24.0,6.0,900.0,90.0,1000.0,8.0,6,Homem
5.6,28.0,7.0,900.0,90.0,1000.0,8.0,7,Homem
6.4,32.0,8.0,900.0,90.0,1000.0,8.0,8,Homem
7.2,36.0,9.0,900.0,90.0,1000.0,8.0,9,Homem
8.0,40.0,10.0,900.0,90.0,1000.0,8.0,10,Homem
8.8,44.0,11.0,900.0,90.0,1000.0,8.0,11,Homem
9.6,48.0,12.0,900.0,90.0,1000.0,8.0,12,Homem
10.4,52.0,13.0,900.0,90.0,1000.0,8.0,13,Homem
11.2,56.0,14.0,900.0,90.0,1000.0,8.0,14,Homem
12.0,60.0,15.0,900.0,90.0,1000.0,8.0,15,Homem
12.8,64.0,16.0,900.0,90.0,1000.0,8.0,16,Homem
13.6,68.0,17.0,900.0,90.0,1000.0,8.0,17,Homem
14.4,72.0,18.0,900.0,90.0,1000.0,8.0,18,Homem
15.2,76.0,19.0,900.0,90.0,1000.0,8.0,19,Homem
16.0,80.0,20.0,900.0,90.0,1000.0,8.0,20,Homem
16.8,84.0,21.0,900.0,90.0,1000.0,8.0,21,Homem
17.6,88.0,22.0,900.0,90.0,1000.0,8.0,22,Homem
18.4,92.0,23.0,900.0,90.0,1000.0,8.0,23,Homem
19.2,96.0,24.0,900.0,90.0,1000.0,8.0,24,Homem
20.0,100.0,25.0,900.0,90.0,1000.0,8.0,25,Homem
20.8,104.0,26.0,900.0,90.0,1000.0,8.0,26,Homem
21.6,108.0,27.0,900.0,90.0,1000.0,8.0,27,Homem
22.4,112.0,28.0,900.0,90.0,1000.0,8.0,28,Homem
23.2,116.0,29.0,900.0,90.0,1000.0,8.0,29,Homem
24.0,120.0,30.0,900.0,90.0,1000.0,8.0,30,Homem
24.8,124.0,31.0,900.0,90.0,1000.0,8.0,31,Homem
25.6,128.0,32.0,900.0,90.0,1000.0,8.0,32,Homem
26.4,132.0,33.0,900.0,90.0,1000.0,8.0,33,Homem
27.2,136.0,34.0,900.0,90.0,1000.0,8.0,34,Homem
28.0,140.0,35.0,900.0,90.0,1000.0,8.0,35,Homem
28.8,144.0,36.0,900.0,90.0,1000.0,8.0,36,Homem
29.6,148.0,37.0,900.0,90.0,1000.0,8.0,37,Homem
30.4,152.0,38.0,900.0,90.0,1000.0,8.0,38,Homem
31.2,156.0,39.0,900.0,90.0,1000.0,8.0,39,Homem
32.0,160.0,40.0,900.0,90.0,1000.0,8.0,40,Homem
32.8,164.0,41.0,900.0,90.0,1000.0,8.0,41,Homem
33.6,168.0,42.0,900.0,90.0,1000.0,8.0,42,Homem
34.4,172.0,43.0,900.0,90.0,1000.0,8.0,43,Homem
35.2,176.0,44.0,900.0,90.0,1000.0,8.0,44,Homem
36.0,180.0,45.0,900.0,90.0,1000.0,8.0,45,Homem
36.8,184.0,46.0,900.0,90.0,1000.0,8.0,46,Homem
37.6,188.0,47.0,900.0,90.0,1000.0,8.0,47,Homem
38.4,192.0,48.0,900.0,90.0,1000.0,8.0,48,Homem
39.2,196.0,49.0,900.0,90.0,1000.0,8.0,49,Homem
40.0,200.0,50.0,900.0,90.0,1000.0,8.0,50,Homem
40.8,204.0,51.0,900.0,90.0,1000.0,8.0,51,Homem
41.6,208.0,52.0,900.0,90.0,1000.0,8.0,52,Homem
42.4,212.0,53.0,900.0,90.0,1000.0,8.0,53,Homem
43.2,216.0,54.0,900.0,90.0,1000.0,8.0,54,Homem
44.0,220.0,55.0,900.0,90.0,1000.0,8.0,55,Homem
44.8,224.0,56.0,900.0,90.0,1000.0,8.0,56,Homem
45.6,228.0,57.0,900.0,90.0,1000.0,8.0,57,Homem
46.4,232.0,58.0,900.0,90.0,1000.0,8.0,58,Homem
47.2,236.0,59.0,900.0,90.0,1000.0,8.0,59,Homem
48.0,240.0,60.0,900.0,90.0,1000.0,8.0,60,Homem
48.8,244.0,61.0,900.0,90.0,1000.0,8.0,61,Homem
49.6,248.0,62.0,900.0,90.0,1000.0,8.0,62,Homem
50.4,252.0,63.0,900.0,90.0,1000.0,8.0,63,Homem
51.2,256.0,64.0,900.0,90.0,1000.0,8.0,64,Homem
52.0,260.0,65.0,900.0,90.0,1000.0,8.0,65,Homem
52.8,264.0,66.0,900.0,90.0,1000.0,8.0,66,Homem
53.6,268.0,67.0,900.0,90.0,1000.0,8.0,67,Homem
54.4,272.0,68.0,900.0,90.0,1000.0,8.0,68,Homem
55.2,276.0,69.0,900.0,90.0,1000.0,8.0,69,Homem
56.0,280.0,70.0,900.0,90.0,1000.0,8.0,70,Homem
56.8,284.0,71.0,900.0,90.0,1000.0,8.0,71,Homem
57.6,288.0,72.0,900.0,90.0,1000.0,8.0,72,Homem
58.4,292.0,73.0,900.0,90.0,1000.0,8.0,73,Homem
59.2,296.0,74.0,900.0,90.0,1000.0,8.0,74,Homem
60.0,300.0,75.0,900.0,90.0,1000.0,8.0,75,Homem
60.8,304.0,76.0,900.0,90.0,1000.0,8.0,76,Homem
61.6,308.0,77.0,900.0,90.0,1000.0,8.0,77,Homem
62.4,312.0,78.0,900.0,90.0,1000.0,8.0,78,Homem
63.2,316.0,79.0,900.0,90.0,1000.0,8.0,79,Homem
64.0,320.0,80.0,900.0,90.0,1000.0,8.0,80,Homem
64.8,324.0,81.0,900.0,90.0,1000.0,8.0,81,Homem
65.6,328.0,82.0,900.0,90.0,1000.0,8.0,82,Homem
66.4,332.0,83.0,900.0,90.0,1000.0,8.0,83,Homem
67.2,336.0,84.0,900.0,90.0,1000.0,8.0,84,Homem
68.0,340.0,85.0,900.0,90.0,1000.0,8.0,85,Homem
68.8,344.0,86.0,900.0,90.0,1000.0,8.0,86,Homem
69.6,348.0,87.0,900.0,90.0,1000.0,8.0,87,Homem
70.4,352.0,88.0,900.0,90.0,1000.0,8.0,88,Homem
71.2,356.0,89.0,900.0,90.0,1000.0,8.0,89,Homem
72.0,360.0,90.0,900.0,90.0,1000.0,8.0,90,Homem
72.8,364.0,91.0,900.0,90.0,1000.0,8.0,91,Homem
73.6,368.0,92.0,900.0,90.0,1000.0,8.0,92,Homem
74.4,372.0,93.0,900.0,90.0,1000.0,8.0,93,Homem
75.2,376.0,94.0,900.0,90.0,1000.0,8.0,94,Homem
76.0,380.0,95.0,900.0,90.0,1000.0,8.0,95,Homem
76.8,384.0,96.0,900.0,90.0,1000.0,8.0,96,Homem
77.6,388.0,97.0,900.0,90.0,1000.0,8.0,97,Homem
78.4,392.0,98.0,900.0,90.0,1000.0,8.0,98,Homem
79.2,396.0,99.0,900.0,90.0,1000.0,8.0,99,Homem
80.0,400.0,100.0,900.0,90.0,1000.0,8.0,100,Homem
80.8,404.0,101.0,900.0,90.0,1000.0,8.0,101,Homem
81.6,408.0,102.0,900.0,90.0,1000.0,8.0,102,Homem
82.4,412.0,103.0,900.0,90.0,1000.0,8.0,103,Homem
83.2,416.0,104.0,900.0,90.0,1000.0,8.0,104,Homem
84.0,420.0,105.0,900.0,90.0,1000.0,8.0,105,Homem
84.8,424.0,106.0,900.0,90.0,1000.0,8.0,106,Homem
85.6,428.0,107.0,900.0,90.0,1000.0,8.0,107,Homem
86.4,432.0,108.0,900.0,90.0,1000.0,8.0,108,Homem
87.2,436.0,109.0,900.0,90.0,1000.0,8.0,109,Homem
88.0,440.0,110.0,900.0,90.0,1000.0,8.0,110,Homem
88.8,444.0,111.0,900.0,90.0,1000.0,8.0,111,Homem
89.6,448.0,112.0,900.0,90.0,1000.0,8.0,112,Homem
90.4,452.0,113.0,900.0,90.0,1000.0,8.0,113,Homem
91.2,456.0,114.0,900.0,90.0,1000.0,8.0,114,Homem
92.0,460.0,115.0,900.0,90.0,1000.0,8.0,115,Homem
92.8,464.0,116.0,900.0,90.0,1000.0,8.0,116,Homem
93.6,468.0,117.0,900.0,90.0,1000.0,8.0,117,Homem
94.4,472.0,118.0,900.0,90.0,1000.0,8.0,118,Homem
95.2,476.0,119.0,900.0,90.0,1000.0,8.0,119,Homem
96.0,480.0,120.0,900.0,90.0,1000.0,8.0,120,Homem
96.8,484.0,121.0,900.0,90.0,1000.0,8.0,121,Homem
97.6,488.0,122.0,900.0,90.0,1000.0,8.0,122,Homem
98.4,492.0,123.0,900.0,90.0,1000.0,8.0,123,Homem
99.2,496.0,124.0,900.0,90.0,1000.0,8.0,124,Homem
100.0,500.0,125.0,900.0,90.0,1000.0,8.0,125,Homem
100.8,504.0,126.0,900.0,90.0,1000.0,8.0,126,Homem
101.6,508.0,127.0,900.0,90.0,1000.0,8.0,127,Homem
102.4,512.0,128.0,900.0,90.0,1000.0,8.0,128,Homem
103.2,516.0,129.0,900.0,90.0,1000.0,8.0,129,Homem
104.0,520.0,130.0,900.0,90.0,1000.0,8.0,130,Homem
104.8,524.0,131.0,900.0,90.0,1000.0,8.0,131,Homem
105.6,528.0,132.0,900.0,90.0,1000.0,8.0,132,Homem
106.4,532.0,133.0,900.0,90.0,1000.0,8.0,133,Homem
107.2,536.0,134.0,900.0,90.0,1000.0,8.0,134,Homem
108.0,540.0,135.0,900.0,90.0,1000.0,8.0,135,Homem
108.8,544.0,136.0,900.0,90.0,1000.0,8.0,136,Homem
109.6,548.0,137.0,900.0,90.0,1000.0,8.0,137,Homem
110.4,552.0,138.0,900.0,90.0,1000.0,8.0,138,Homem
111.2,556.0,139.0,900.0,90.0,1000.0,8.0,139,Homem
112.0,560.0,140.0,900.0,90.0,1000.0,8.0,140,Homem
112.8,564.0,141.0,900.0,90.0,1000.0,8.0,141,Homem
113.6,568.0,142.0,900.0,90.0,1000.0,8.0,142,Homem
114.4,572.0,143.0,900.0,90.0,1000.0,8.0,143,Homem
115.2,576.0,144.0,900.0,90.0,1000.0,8.0,144,Homem
116.0,580.0,145.0,900.0,90.0,1000.0,8.0,145,Homem
116.8,584.0,146.0,900.0,90.0,1000.0,8.0,146,Homem
117.6,588.0,147.0,900.0,90.0,1000.0,8.0,147,Homem
118.4,592.0,148.0,900.0,90.0,1000.0,8.0,148,Homem
119.2,596.0,149.0,900.0,90.0,1000.0,8.0,149,Homem
120.0,600.0,150.0,900.0,90.0,1000.0,8.0,150,Homem
120.8,604.0,151.0,900.0,90.0,1000.0,8.0,151,Homem
121.6,608.0,152.0,900.0,90.0,1000.0,8.0,152,Homem
122.4,612.0,153.0,900.0,90.0,1000.0,8.0,153,Homem
123.2,616.0,154.0,900.0,90.0,1000.0,8.0,154,Homem
124.0,620.0,155.0,900.0,90.0,1000.0,8.0,155,Homem
124.8,624.0,156.0,900.0,90.0,1000.0,8.0,156,Homem
125.6,628.0,157.0,900.0,90.0,1000.0,8.0,157,Homem
126.4,632.0,158.0,900.0,90.0,1000.0,8.0,158,Homem
127.2,636.0,159.0,900.0,90.0,1000.0,8.0,159,Homem
128.0,640.0,160.0,900.0,90.0,1000.0,8.0,160,Homem
128.8,644.0,161.0,900.0,90.0,1000.0,8.0,161,Homem
129.6,648.0,162.0,900.0,90.0,1000.0,8.0,162,Homem
130.4,652.0,163.0,900.0,90.0,1000.0,8.0,163,Homem
131.2,656.0,164.0,900.0,90.0,1000.0,8.0,164,Homem
132.0,660.0,165.0,900.0,90.0,1000.0,8.0,165,Homem
132.8,664.0,166.0,900.0,90.0,1000.0,8.0,166,Homem
133.6,668.0,167.0,900.0,90.0,1000.0,8.0,167,Homem
134.4,672.0,168.0,900.0,90.0,1000.0,8.0,168,Homem
135.2,676.0,169.0,900.0,90.0,1000.0,8.0,169,Homem
136.0,680.0,170.0,900.0,90.0,1000.0,8.0,170,Homem
136.8,684.0,171.0,900.0,90.0,1000.0,8.0,171,Homem
137.6,688.0,172.0,900.0,90.0,1000.0,8.0,172,Homem
138.4,692.0,173.0,900.0,90.0,1000.0,8.0,173,Homem
139.2,696.0,174.0,900.0,90.0,1000.0,8.0,174,Homem
140.0,700.0,175.0,900.0,90.0,1000.0,8.0,175,Homem
140.8,704.0,176.0,900.0,90.0,1000.0,8.0,176,Homem
141.6,708.0,177.0,900.0,90.0,1000.0,8.0,177,Homem
142.4,712.0,178.0,900.0,90.0,1000.0,8.0,178,Homem
143.2,716.0,179.0,900.0,90.0,1000.0,8.0,179,Homem
144.0,720.0,180.0,900.0,90.0,1000.0,8.0,180,Homem
144.8,724.0,181.0,900.0,90.0,1000.0,8.0,181,Homem
145.6,728.0,182.0,900.0,90.0,1000.0,8.0,182,Homem
146.4,732.0,183.0,900.0,90.0,1000.0,8.0,183,Homem
147.2,736.0,184.0,900.0,90.0,1000.0,8.0,184,Homem
148.0,740.0,185.0,900.0,90.0,1000.0,8.0,185,Homem
148.8,744.0,186.0,900.0,90.0,1000.0,8.0,186,Homem
149.6,748.0,187.0,900.0,90.0,1000.0,8.0,187,Homem
150.4,752.0,188.0,900.0,90.0,1000.0,8.0,188,Homem
151.2,756.0,189.0,900.0,90.0,1000.0,8.0,189,Homem
152.0,760.0,190.0,900.0,90.0,1000.0,8.0,190,Homem
152.8,764.0,191.0,900.0,90.0,1000.0,8.0,191,Homem
153.6,768.0,192.0,900.0,90.0,1000.0,8.0,192,Homem
154.4,772.0,193.0,900.0,90.0,1000.0,8.0,193,Homem
155.2,776.0,194.0,900.0,90.0,1000.0,8.0,194,Homem
156.0,780.0,195.0,900.0,90.0,1000.0,8.0,195,Homem
156.8,784.0,196.0,900.0,90.0,1000.0,8.0,196,Homem
157.6,788.0,197.0,900.0,90.0,1000.0,8.0,197,Homem
158.4,792.0,198.0,900.0,90.0,1000.0,8.0,198,Homem
159.2,796.0,199.0,900.0,90.0,1000.0,8.0,199,Homem
160.0,800.0,200.0,900.0,90.0,1000.0,8.0,200,Homem
160.8,804.0,201.0,900.0,90.0,1000.0,8.0,201,Homem
161.6,808.0,202.0,900.0,90.0,1000.0,8.0,202,Homem
162.4,812.0,203.0,900.0,90.0,1000.0,8.0,203,Homem
163.2,816.0,204.0,900.0,90.0,1000.0,8.0,204,Homem
164.0,820.0,205.0,900.0,90.0,1000.0,8.0,205,Homem
164.8,824.0,206.0,900.0,90.0,1000.0,8.0,206,Homem
165.6,828.0,207.0,900.0,90.0,1000.0,8.0,207,Homem
166.4,832.0,208.0,900.0,90.0,1000.0,8.0,208,Homem
167.2,836.0,209.0,900.0,90.0,1000.0,8.0,209,Homem
168.0,840.0,210.0,900.0,90.0,1000.0,8.0,210,Homem
168.8,844.0,211.0,900.0,90.0,1000.0,8.0,211,Homem
169.6,848.0,212.0,900.0,90.0,1000.0,8.0,212,Homem
170.4,852.0,213.0,900.0,90.0,1000.0,8.0,213,Homem
171.2,856.0,214.0,900.0,90.0,1000.0,8.0,214,Homem
172.0,860.0,215.0,900.0,90.0,1000.0,8.0,215,Homem
172.8,864.0,216.0,900.0,90.0,1000.0,8.0,216,Homem
173.6,868.0,217.0,900.0,90.0,1000.0,8.0,217,Homem
174.4,872.0,218.0,900.0,90.0,1000.0,8.0,218,Homem
175.2,876.0,219.0,900.0,90.0,1000.0,8.0,219,Homem
176.0,880.0,220.0,900.0,90.0,1000.0,8.0,220,Homem
176.8,884.0,221.0,900.0,90.0,1000.0,8.0,221,Homem
177.6,888.0,222.0,900.0,90.0,1000.0,8.0,222,Homem
178.4,892.0,223.0,900.0,90.0,1000.0,8.0,223,Homem
179.2,896.0,224.0,900.0,90.0,1000.0,8.0,224,Homem
180.0,900.0,225.0,900.0,90.0,1000.0,8.0,225,Homem
180.8,904.0,226.0,900.0,90.0,1000.0,8.0,226,Homem
181.6,908.0,227.0,900.0,90.0,1000.0,8.0,227,Homem
182.4,912.0,228.0,900.0,90.0,1000.0,8.0,228,Homem
183.2,916.0,229.0,900.0,90.0,1000.0,8.0,229,Homem
184.0,920.0,230.0,900.0,90.0,1000.0,8.0,230,Homem
184.8,924.0,231.0,900.0,90.0,1000.0,8.0,231,Homem
185.6,928.0,232.0,900.0,90.0,1000.0,8.0,232,Homem
186.4,932.0,233.0,900.0,90.0,1000.0,8.0,233,Homem
187.2,936.0,234.0,900.0,90.0,1000.0,8.0,234,Homem
188.0,940.0,235.0,900.0,90.0,1000.0,8.0,235,Homem
188.8,944.0,236.0,900.0,90.0,1000.0,8.0,236,Homem
189.6,948.0,237.0,900.0,90.0,1000.0,8.0,237,Homem
190.4,952.0,238.0,900.0,90.0,1000.0,8.0,238,Homem
191.2,956.0,239.0,900.0,90.0,1000.0,8.0,239,Homem
192.0,960.0,240.0,900.0,90.0,1000.0,8.0,240,Homem
192.8,964.0,241.0,900.0,90.0,1000.0,8.0,241,Homem
193.6,968.0,242.0,900.0,90.0,1000.0,8.0,242,Homem
194.4,972.0,243.0,900.0,90.0,1000.0,8.0,243,Homem
195.2,976.0,244.0,900.0,90.0,1000.0,8.0,244,Homem
196.0,980.0,245.0,900.0,90.0,1000.0,8.0,245,Homem
196.8,984.0,246.0,900.0,90.0,1000.0,8.0,246,Homem
197.6,988.0,247.0,900.0,90.0,1000.0,8.0,247,Homem
198.4,992.0,248.0,900.0,90.0,1000.0,8.0,248,Homem
199.2,996.0,249.0,900.0,90.0,1000.0,8.0,249,Homem
200.0,1000.0,250.0,900.0,90.0,1000.0,8.0,250,Homem
200.8,1004.0,251.0,900.0,90.0,1000.0,8.0,251,Homem
201.6,1008.0,252.0,900.0,90.0,1000.0,8.0,252,Homem
202.4,1012.0,253.0,900.0,90.0,1000.0,8.0,253,Homem
203.2,1016.0,254.0,900.0,90.0,1000.0,8.0,254,Homem
204.0,1020.0,255.0,900.0,90.0,1000.0,8.0,255,Homem
204.8,1024.0,256.0,900.0,90.0,1000.0,8.0,256,Homem
205.6,1028.0,257.0,900.0,90.0,1000.0,8.0,257,Homem
206.4,1032.0,258.0,900.0,90.0,1000.0,8.0,258,Homem
207.2,1036.0,259.0,900.0,90.0,1000.0,8.0,259,Homem
208.0,1040.0,260.0,900.0,90.0,1000.0,8.0,260,Homem
208.8,1044.0,261.0,900.0,90.0,1000.0,8.0,261,Homem
209.6,1048.0,262.0,900.0,90.0,1000.0,8.0,262,Homem
210.4,1052.0,263.0,900.0,90.0,1000.0,8.0,263,Homem
211.2,1056.0,264.0,900.0,90.0,1000.0,8.0,264,Homem
212.0,1060.0,265.0,900.0,90.0,1000.0,8.0,265,Homem
212.8,1064.0,266.0,900.0,90.0,1000.0,8.0,266,Homem
213.6,1068.0,267.0,900.0,90.0,1000.0,8.0,267,Homem
214.4,1072.0,268.0,900.0,90.0,1000.0,8.0,268,Homem
215.2,1076.0,269.0,900.0,90.0,1000.0,8.0,269,Homem
216.0,1080.0,270.0,900.0,90.0,1000.0,8.0,270,Homem
216.8,1084.0,271.0,900.0,90.0,1000.0,8.0,271,Homem
217.6,1088.0,272.0,900.0,90.0,1000.0,8.0,272,Homem
218.4,1092.0,273.0,900.0,90.0,1000.0,8.0,273,Homem
219.2,1096.0,274.0,900.0,90.0,1000.0,8.0,274,Homem
220.0,1100.0,275.0,900.0,90.0,1000.0,8.0,275,Homem
220.8,1104.0,276.0,900.0,90.0,1000.0,8.0,276,Homem
221.6,1108.0,277.0,900.0,90.0,1000.0,8.0,277,Homem
222.4,1112.0,278.0,900.0,90.0,1000.0,8.0,278,Homem
223.2,1116.0,279.0,900.0,90.0,1000.0,8.0,279,Homem
224.0,1120.0,280.0,900.0,90.0,1000.0,8.0,280,Homem
224.8,1124.0,281.0,900.0,90.0,1000.0,8.0,281,Homem
225.6,1128.0,282.0,900.0,90.0,1000.0,8.0,282,Homem
226.4,1132.0,283.0,900.0,90.0,1000.0,8.0,283,Homem
227.2,1136.0,284.0,900.0,90.0,1000.0,8.0,284,Homem
228.0,1140.0,285.0,900.0,90.0,1000.0,8.0,285,Homem
228.8,1144.0,286.0,900.0,90.0,1000.0,8.0,286,Homem
229.6,1148.0,287.0,900.0,90.0,1000.0,8.0,287,Homem
230.4,1152.0,288.0,900.0,90.0,1000.0,8.0,288,Homem
231.2,1156.0,289.0,900.0,90.0,1000.0,8.0,289,Homem
232.0,1160.0,290.0,900.0,90.0,1000.0,8.0,290,Homem
232.8,1164.0,291.0,900.0,90.0,1000.0,8.0,291,Homem
233.6,1168.0,292.0,900.0,90.0,1000.0,8.0,292,Homem
234.4,1172.0,293.0,900.0,90.0,1000.0,8.0,293,Homem
235.2,1176.0,294.0,900.0,90.0,1000.0,8.0,294,Homem
236.0,1180.0,295.0,900.0,90.0,1000.0,8.0,295,Homem
236.8,1184.0,296.0,900.0,90.0,1000.0,8.0,296,Homem
237.6,1188.0,297.0,900.0,90.0,1000.0,8.0,297,Homem
238.4,1192.0,298.0,900.0,90.0,1000.0,8.0,298,Homem
239.2,1196.0,299.0,900.0,90.0,1000.0,8.0,299,Homem
240.0,1200.0,300.0,900.0,90.0,1000.0,8.0,300,Homem
240.8,1204.0,301.0,900.0,90.0,1000.0,8.0,301,Homem
241.6,1208.0,302.0,900.0,90.0,1000.0,8.0,302,Homem
242.4,1212.0,303.0,900.0,90.0,1000.0,8.0,303,Homem
243.2,1216.0,304.0,900.0,90.0,1000.0,8.0,304,Homem
244.0,1220.0,305.0,900.0,90.0,1000.0,8.0,305,Homem
244.8,1224.0,306.0,900.0,90.0,1000.0,8.0,306,Homem
245.6,1228.0,307.0,900.0,90.0,1000.0,8.0,307,Homem
246.4,1232.0,308.0,900.0,90.0,1000.0,8.0,308,Homem
247.2,1236.0,309.0,900.0,90.0,1000.0,8.0,309,Homem
248.0,1240.0,310.0,900.0,90.0,1000.0,8.0,310,Homem
248.8,1244.0,311.0,900.0,90.0,1000.0,8.0,311,Homem
249.6,1248.0,312.0,900.0,90.0,1000.0,8.0,312,Homem
250.4,1252.0,313.0,900.0,90.0,1000.0,8.0,313,Homem
251.2,1256.0,314.0,900.0,90.0,1000.0,8.0,314,Homem
252.0,1260.0,315.0,900.0,90.0,1000.0,8.0,315,Homem
252.8,1264.0,316.0,900.0,90.0,1000.0,8.0,316,Homem
253.6,1268.0,317.0,900.0,90.0,1000.0,8.0,317,Homem
254.4,1272.0,318.0,900.0,90.0,1000.0,8.0,318,Homem
255.2,1276.0,319.0,900.0,90.0,1000.0,8.0,319,Homem
256.0,1280.0,320.0,900.0,90.0,1000.0,8.0,320,Homem
256.8,1284.0,321.0,900.0,90.0,1000.0,8.0,321,Homem
257.6,1288.0,322.0,900.0,90.0,1000.0,8.0,322,Homem
258.4,1292.0,323.0,900.0,90.0,1000.0,8.0,323,Homem
259.2,1296.0,324.0,900.0,90.0,1000.0,8.0,324,Homem
260.0,1300.0,325.0,900.0,90.0,1000.0,8.0,325,Homem
260.8,1304.0,326.0,900.0,90.0,1000.0,8.0,326,Homem
261.6,1308.0,327.0,900.0,90.0,1000.0,8.0,327,Homem
262.4,1312.0,328.0,900.0,90.0,1000.0,8.0,328,Homem
263.2,1316.0,329.0,900.0,90.0,1000.0,8.0,329,Homem
264.0,1320.0,330.0,900.0,90.0,1000.0,8.0,330,Homem
264.8,1324.0,331.0,900.0,90.0,1000.0,8.0,331,Homem
265.6,1328.0,332.0,900.0,90.0,1000.0,8.0,332,Homem
266.4,1332.0,333.0,900.0,90.0,1000.0,8.0,333,Homem
267.2,1336.0,334.0,900.0,90.0,1000.0,8.0,334,Homem
268.0,1340.0,335.0,900.0,90.0,1000.0,8.0,335,Homem
268.8,1344.0,336.0,900.0,90.0,1000.0,8.0,336,Homem
269.6,1348.0,337.0,900.0,90.0,1000.0,8.0,337,Homem
270.4,1352.0,338.0,900.0,90.0,1000.0,8.0,338,Homem
271.2,1356.0,339.0,900.0,90.0,1000.0,8.0,339,Homem
272.0,1360.0,340.0,900.0,90.0,1000.0,8.0,340,Homem
272.8,1364.0,341.0,900.0,90.0,1000.0,8.0,341,Homem
273.6,1368.0,342.0,900.0,90.0,1000.0,8.0,342,Homem
274.4,1372.0,343.0,900.0,90.0,1000.0,8.0,343,Homem
275.2,1376.0,344.0,900.0,90.0,1000.0,8.0,344,Homem
276.0,1380.0,345.0,900.0,90.0,1000.0,8.0,345,Homem
276.8,1384.0,346.0,900.0,90.0,1000.0,8.0,346,Homem
277.6,1388.0,347.0,900.0,90.0,1000.0,8.0,347,Homem
278.4,1392.0,348.0,900.0,90.0,1000.0,8.0,348,Homem
279.2,1396.0,349.0,900.0,90.0,1000.0,8.0,349,Homem
280.0,1400.0,350.0,900.0,90.0,1000.0,8.0,350,Homem
280.8,1404.0,351.0,900.0,90.0,1000.0,8.0,351,Homem
281.6,1408.0,352.0,900.0,90.0,1000.0,8.0,352,Homem
282.4,1412.0,353.0,900.0,90.0,1000.0,8.0,353,Homem
283.2,1416.0,354.0,900.0,90.0,1000.0,8.0,354,Homem
284.0,1420.0,355.0,900.0,90.0,1000.0,8.0,355,Homem
284.8,1424.0,356.0,900.0,90.0,1000.0,8.0,356,Homem
285.6,1428.0,357.0,900.0,90.0,1000.0,8.0,357,Homem
286.4,1432.0,358.0,900.0,90.0,1000.0,8.0,358,Homem
287.2,1436.0,359.0,900.0,90.0,1000.0,8.0,359,Homem
288.0,1440.0,360.0,900.0,90.0,1000.0,8.0,360,Homem
288.8,1444.0,361.0,900.0,90.0,1000.0,8.0,361,Homem
289.6,1448.0,362.0,900.0,90.0,1000.0,8.0,362,Homem
290.4,1452.0,363.0,900.0,90.0,1000.0,8.0,363,Homem
291.2,1456.0,364.0,900.0,90.0,1000.0,8.0,364,Homem
292.0,1460.0,365.0,900.0,90.0,1000.0,8.0,365,Homem
292.8,1464.0,366.0,900.0,90.0,1000.0,8.0,366,Homem
293.6,1468.0,367.0,900.0,90.0,1000.0,8.0,367,Homem
294.4,1472.0,368.0,900.0,90.0,1000.0,8.0,368,Homem
295.2,1476.0,369.0,900.0,90.0,1000.0,8.0,369,Homem
296.0,1480.0,370.0,900.0,90.0,1000.0,8.0,370,Homem
296.8,1484.0,371.0,900.0,90.0,1000.0,8.0,371,Homem
297.6,1488.0,372.0,900.0,90.0,1000.0,8.0,372,Homem
298.4,1492.0,373.0,900.0,90.0,1000.0,8.0,373,Homem
299.2,1496.0,374.0,900.0,90.0,1000.0,8.0,374,Homem
300.0,1500.0,375.0,900.0,90.0,1000.0,8.0,375,Homem
300.8,1504.0,376.0,900.0,90.0,1000.0,8.0,376,Homem
301.6,1508.0,377.0,900.0,90.0,1000.0,8.0,377,Homem
302.4,1512.0,378.0,900.0,90.0,1000.0,8.0,378,Homem
303.2,1516.0,379.0,900.0,90.0,1000.0,8.0,379,Homem
304.0,1520.0,380.0,900.0,90.0,1000.0,8.0,380,Homem
304.8,1524.0,381.0,900.0,90.0,1000.0,8.0,381,Homem
305.6,1528.0,382.0,900.0,90.0,1000.0,8.0,382,Homem
306.4,1532.0,383.0,900.0,90.0,1000.0,8.0,383,Homem
307.2,1536.0,384.0,900.0,90.0,1000.0,8.0,384,Homem
308.0,1540.0,385.0,900.0,90.0,1000.0,8.0,385,Homem
308.8,1544.0,386.0,900.0,90.0,1000.0,8.0,386,Homem
309.6,1548.0,387.0,900.0,90.0,1000.0,8.0,387,Homem
310.4,1552.0,388.0,900.0,90.0,1000.0,8.0,388,Homem
311.2,1556.0,389.0,900.0,90.0,1000.0,8.0,389,Homem
312.0,1560.0,390.0,900.0,90.0,1000.0,8.0,390,Homem
312.8,1564.0,391.0,900.0,90.0,1000.0,8.0,391,Homem
313.6,1568.0,392.0,900.0,90.0,1000.0,8.0,392,Homem
314.4,1572.0,393.0,900.0,90.0,1000.0,8.0,393,Homem
315.2,1576.0,394.0,900.0,90.0,1000.0,8.0,394,Homem
316.0,1580.0,395.0,900.0,90.0,1000.0,8.0,395,Homem
316.8,1584.0,396.0,900.0,90.0,1000.0,8.0,396,Homem
317.6,1588.0,397.0,900.0,90.0,1000.0,8.0,397,Homem
318.4,1592.0,398.0,900.0,90.0,1000.0,8.0,398,Homem
319.2,1596.0,399.0,900.0,90.0,1000.0,8.0,399,Homem
320.0,1600.0,400.0,900.0,90.0,1000.0,8.0,400,Homem
320.8,1604.0,401.0,900.0,90.0,1000.0,8.0,401,Homem
321.6,1608.0,402.0,900.0,90.0,1000.0,8.0,402,Homem
322.4,1612.0,403.0,900.0,90.0,1000.0,8.0,403,Homem
323.2,1616.0,404.0,900.0,90.0,1000.0,8.0,404,Homem
324.0,1620.0,405.0,900.0,90.0,1000.0,8.0,405,Homem
324.8,1624.0,406.0,900.0,90.0,1000.0,8.0,406,Homem
325.6,1628.0,407.0,900.0,90.0,1000.0,8.0,407,Homem
326.4,1632.0,408.0,900.0,90.0,1000.0,8.0,408,Homem
327.2,1636.0,409.0,900.0,90.0,1000.0,8.0,409,Homem
328.0,1640.0,410.0,900.0,90.0,1000.0,8.0,410,Homem
328.8,1644.0,411.0,900.0,90.0,1000.0,8.0,411,Homem
329.6,1648.0,412.0,900.0,90.0,1000.0,8.0,412,Homem
330.4,1652.0,413.0,900.0,90.0,1000.0,8.0,413,Homem
331.2,1656.0,414.0,900.0,90.0,1000.0,8.0,414,Homem
332.0,1660.0,415.0,900.0,90.0,1000.0,8.0,415,Homem
332.8,1664.0,416.0,900.0,90.0,1000.0,8.0,416,Homem
333.6,1668.0,417.0,900.0,90.0,1000.0,8.0,417,Homem
334.4,1672.0,418.0,900.0,90.0,1000.0,8.0,418,Homem
335.2,1676.0,419.0,900.0,90.0,1000.0,8.0,419,Homem
336.0,1680.0,420.0,900.0,90.0,1000.0,8.0,420,Homem
336.8,1684.0,421.0,900.0,90.0,1000.0,8.0,421,Homem
337.6,1688.0,422.0,900.0,90.0,1000.0,8.0,422,Homem
338.4,1692.0,423.0,900.0,90.0,1000.0,8.0,423,Homem
339.2,1696.0,424.0,900.0,90.0,1000.0,8.0,424,Homem
340.0,1700.0,425.0,900.0,90.0,1000.0,8.0,425,Homem
340.8,1704.0,426.0,900.0,90.0,1000.0,8.0,426,Homem
341.6,1708.0,427.0,900.0,90.0,1000.0,8.0,427,Homem
342.4,1712.0,428.0,900.0,90.0,1000.0,8.0,428,Homem
343.2,1716.0,429.0,900.0,90.0,1000.0,8.0,429,Homem
344.0,1720.0,430.0,900.0,90.0,1000.0,8.0,430,Homem
344.8,1724.0,431.0,900.0,90.0,1000.0,8.0,431,Homem
345.6,1728.0,432.0,900.0,90.0,1000.0,8.0,432,Homem
346.4,1732.0,433.0,900.0,90.0,1000.0,8.0,433,Homem
347.2,1736.0,434.0,900.0,90.0,1000.0,8.0,434,Homem
348.0,1740.0,435.0,900.0,90.0,1000.0,8.0,435,Homem
348.8,1744.0,436.0,900.0,90.0,1000.0,8.0,436,Homem
349.6,1748.0,437.0,900.0,90.0,1000.0,8.0,437,Homem
350.4,1752.0,438.0,900.0,90.0,1000.0,8.0,438,Homem
351.2,1756.0,439.0,900.0,90.0,1000.0,8.0,439,Homem
352.0,1760.0,440.0,900.0,90.0,1000.0,8.0,440,Homem
352.8,1764.0,441.0,900.0,90.0,1000.0,8.0,441,Homem
353.6,1768.0,442.0,900.0,90.0,1000.0,8.0,442,Homem
354.4,1772.0,443.0,900.0,90.0,1000.0,8.0,443,Homem
355.2,1776.0,444.0,900.0,90.0,1000.0,8.0,444,Homem
356.0,1780.0,445.0,900.0,90.0,1000.0,8.0,445,Homem
356.8,1784.0,446.0,900.0,90.0,1000.0,8.0,446,Homem
357.6,1788.0,447.0,900.0,90.0,1000.0,8.0,447,Homem
358.4,1792.0,448.0,900.0,90.0,1000.0,8.0,448,Homem
359.2,1796.0,449.0,900.0,90.0,1000.0,8.0,449,Homem
360.0,1800.0,450.0,900.0,90.0,1000.0,8.0,450,Homem
360.8,1804.0,451.0,900.0,90.0,1000.0,8.0,451,Homem
361.6,1808.0,452.0,900.0,90.0,1000.0,8.0,452,Homem
362.4,1812.0,453.0,900.0,90.0,1000.0,8.0,453,Homem
363.2,1816.0,454.0,900.0,90.0,1000.0,8.0,454,Homem
364.0,1820.0,455.0,900.0,90.0,1000.0,8.0,455,Homem
364.8,1824.0,456.0,900.0,90.0,1000.0,8.0,456,Homem
365.6,1828.0,457.0,900.0,90.0,1000.0,8.0,457,Homem
366.4,1832.0,458.0,900.0,90.0,1000.0,8.0,458,Homem
367.2,1836.0,459.0,900.0,90.0,1000.0,8.0,459,Homem
368.0,1840.0,460.0,900.0,90.0,1000.0,8.0,460,Homem
368.8,1844.0,461.0,900.0,90.0,1000.0,8.0,461,Homem
369.6,1848.0,462.0,900.0,90.0,1000.0,8.0,462,Homem
370.4,1852.0,463.0,900.0,90.0,1000.0,8.0,463,Homem
371.2,1856.0,464.0,900.0,90.0,1000.0,8.0,464,Homem
372.0,1860.0,465.0,900.0,90.0,1000.0,8.0,465,Homem
372.8,1864.0,466.0,900.0,90.0,1000.0,8.0,466,Homem
373.6,1868.0,467.0,900.0,90.0,1000.0,8.0,467,Homem
374.4,1872.0,468.0,900.0,90.0,1000.0,8.0,468,Homem
375.2,1876.0,469.0,900.0,90.0,1000.0,8.0,469,Homem
376.0,1880.0,470.0,900.0,90.0,1000.0,8.0,470,Homem
376.8,1884.0,471.0,900.0,90.0,1000.0,8.0,471,Homem
377.6,1888.0,472.0,900.0,90.0,1000.0,8.0,472,Homem
378.4,1892.0,473.0,900.0,90.0,1000.0,8.0,473,Homem
379.2,1896.0,474.0,900.0,90.0,1000.0,8.0,474,Homem
380.0,1900.0,475.0,900.0,90.0,1000.0,8.0,475,Homem
380.8,1904.0,476.0,900.0,90.0,1000.0,8.0,476,Homem
381.6,1908.0,477.0,900.0,90.0,1000.0,8.0,477,Homem
382.4,1912.0,478.0,900.0,90.0,1000.0,8.0,478,Homem
383.2,1916.0,479.0,900.0,90.0,1000.0,8.0,479,Homem
384.0,1920.0,480.0,900.0,90.0,1000.0,8.0,480,Homem
384.8,1924.0,481.0,900.0,90.0,1000.0,8.0,481,Homem
385.6,1928.0,482.0,900.0,90.0,1000.0,8.0,482,Homem
386.4,1932.0,483.0,900.0,90.0,1000.0,8.0,483,Homem
387.2,1936.0,484.0,900.0,90.0,1000.0,8.0,484,Homem
388.0,1940.0,485.0,900.0,90.0,1000.0,8.0,485,Homem
388.8,1944.0,486.0,900.0,90.0,1000.0,8.0,486,Homem
389.6,1948.0,487.0,900.0,90.0,1000.0,8.0,487,Homem
390.4,1952.0,488.0,900.0,90.0,1000.0,8.0,488,Homem
391.2,1956.0,489.0,900.0,90.0,1000.0,8.0,489,Homem
392.0,1960.0,490.0,900.0,90.0,1000.0,8.0,490,Homem
392.8,1964.0,491.0,900.0,90.0,1000.0,8.0,491,Homem
393.6,1968.0,492.0,900.0,90.0,1000.0,8.0,492,Homem
394.4,1972.0,493.0,900.0,90.0,1000.0,8.0,493,Homem
395.2,1976.0,494.0,900.0,90.0,1000.0,8.0,494,Homem
396.0,1980.0,495.0,900.0,90.0,1000.0,8.0,495,Homem
396.8,1984.0,496.0,900.0,90.0,1000.0,8.0,496,Homem
397.6,1988.0,497.0,900.0,90.0,1000.0,8.0,497,Homem
398.4,1992.0,498.0,900.0,90.0,1000.0,8.0,498,Homem
399.2,1996.0,499.0,900.0,90.0,1000.0,8.0,499,Homem
400.0,2000.0,500.0,900.0,90.0,1000.0,8.0,500,Homem
400.8,2004.0,501.0,900.0,90.0,1000.0,8.0,501,Homem
401.6,2008.0,502.0,900.0,90.0,1000.0,8.0,502,Homem
402.4,2012.0,503.0,900.0,90.0,1000.0,8.0,503,Homem
403.2,2016.0,504.0,900.0,90.0,1000.0,8.0,504,Homem
404.0,2020.0,505.0,900.0,90.0,1000.0,8.0,505,Homem
404.8,2024.0,506.0,900.0,90.0,1000.0,8.0,506,Homem
405.6,2028.0,507.0,900.0,90.0,1000.0,8.0,507,Homem
406.4,2032.0,508.0,900.0,90.0,1000.0,8.0,508,Homem
407.2,2036.0,509.0,900.0,90.0,1000.0,8.0,509,Homem
408.0,2040.0,510.0,900.0,90.0,1000.0,8.0,510,Homem
408.8,2044.0,511.0,900.0,90.0,1000.0,8.0,511,Homem
409.6,2048.0,512.0,900.0,90.0,1000.0,8.0,512,Homem
410.4,2052.0,513.0,900.0,90.0,1000.0,8.0,513,Homem
411.2,2056.0,514.0,900.0,90.0,1000.0,8.0,514,Homem
412.0,2060.0,515.0,900.0,90.0,1000.0,8.0,515,Homem
412.8,2064.0,516.0,900.0,90.0,1000.0,8.0,516,Homem
413.6,2068.0,517.0,900.0,90.0,1000.0,8.0,517,Homem
414.4,2072.0,518.0,900.0,90.0,1000.0,8.0,518,Homem
415.2,2076.0,519.0,900.0,90.0,1000.0,8.0,519,Homem
416.0,2080.0,520.0,900.0,90.0,1000.0,8.0,520,Homem
416.8,2084.0,521.0,900.0,90.0,1000.0,8.0,521,Homem
417.6,2088.0,522.0,900.0,90.0,1000.0,8.0,522,Homem
418.4,2092.0,523.0,900.0,90.0,1000.0,8.0,523,Homem
419.2,2096.0,524.0,900.0,90.0,1000.0,8.0,524,Homem
420.0,2100.0,525.0,900.0,90.0,1000.0,8.0,525,Homem
420.8,2104.0,526.0,900.0,90.0,1000.0,8.0,526,Homem
421.6,2108.0,527.0,900.0,90.0,1000.0,8.0,527,Homem
422.4,2112.0,528.0,900.0,90.0,1000.0,8.0,528,Homem
423.2,2116.0,529.0,900.0,90.0,1000.0,8.0,529,Homem
424.0,2120.0,530.0,900.0,90.0,1000.0,8.0,530,Homem
424.8,2124.0,531.0,900.0,90.0,1000.0,8.0,531,Homem
425.6,2128.0,532.0,900.0,90.0,1000.0,8.0,532,Homem
426.4,2132.0,533.0,900.0,90.0,1000.0,8.0,533,Homem
427.2,2136.0,534.0,900.0,90.0,1000.0,8.0,534,Homem
428.0,2140.0,535.0,900.0,90.0,1000.0,8.0,535,Homem
428.8,2144.0,536.0,900.0,90.0,1000.0,8.0,536,Homem
429.6,2148.0,537.0,900.0,90.0,1000.0,8.0,537,Homem
430.4,2152.0,538.0,900.0,90.0,1000.0,8.0,538,Homem
431.2,2156.0,539.0,900.0,90.0,1000.0,8.0,539,Homem
432.0,2160.0,540.0,900.0,90.0,1000.0,8.0,540,Homem
432.8,2164.0,541.0,900.0,90.0,1000.0,8.0,541,Homem
433.6,2168.0,542.0,900.0,90.0,1000.0,8.0,542,Homem
434.4,2172.0,543.0,900.0,90.0,1000.0,8.0,543,Homem
435.2,2176.0,544.0,900.0,90.0,1000.0,8.0,544,Homem
436.0,2180.0,545.0,900.0,90.0,1000.0,8.0,545,Homem
436.8,2184.0,546.0,900.0,90.0,1000.0,8.0,546,Homem
437.6,2188.0,547.0,900.0,90.0,1000.0,8.0,547,Homem
438.4,2192.0,548.0,900.0,90.0,1000.0,8.0,548,Homem
439.2,2196.0,549.0,900.0,90.0,1000.0,8.0,549,Homem
440.0,2200.0,550.0,900.0,90.0,1000.0,8.0,550,Homem
440.8,2204.0,551.0,900.0,90.0,1000.0,8.0,551,Homem
441.6,2208.0,552.0,900.0,90.0,1000.0,8.0,552,Homem
442.4,2212.0,553.0,900.0,90.0,1000.0,8.0,553,Homem
443.2,2216.0,554.0,900.0,90.0,1000.0,8.0,554,Homem
444.0,2220.0,555.0,900.0,90.0,1000.0,8.0,555,Homem
444.8,2224.0,556.0,900.0,90.0,1000.0,8.0,556,Homem
445.6,2228.0,557.0,900.0,90.0,1000.0,8.0,557,Homem
446.4,2232.0,558.0,900.0,90.0,1000.0,8.0,558,Homem
447.2,2236.0,559.0,900.0,90.0,1000.0,8.0,559,Homem
448.0,2240.0,560.0,900.0,90.0,1000.0,8.0,560,Homem
448.8,2244.0,561.0,900.0,90.0,1000.0,8.0,561,Homem
449.6,2248.0,562.0,900.0,90.0,1000.0,8.0,562,Homem
450.4,2252.0,563.0,900.0,90.0,1000.0,8.0,563,Homem
451.2,2256.0,564.0,900.0,90.0,1000.0,8.0,564,Homem
452.0,2260.0,565.0,900.0,90.0,1000.0,8.0,565,Homem
452.8,2264.0,566.0,900.0,90.0,1000.0,8.0,566,Homem
453.6,2268.0,567.0,900.0,90.0,1000.0,8.0,567,Homem
454.4,2272.0,568.0,900.0,90.0,1000.0,8.0,568,Homem
455.2,2276.0,569.0,900.0,90.0,1000.0,8.0,569,Homem
456.0,2280.0,570.0,900.0,90.0,1000.0,8.0,570,Homem
456.8,2284.0,571.0,900.0,90.0,1000.0,8.0,571,Homem
457.6,2288.0,572.0,900.0,90.0,1000.0,8.0,572,Homem
458.4,2292.0,573.0,900.0,90.0,1000.0,8.0,573,Homem
459.2,2296.0,574.0,900.0,90.0,1000.0,8.0,574,Homem
460.0,2300.0,575.0,900.0,90.0,1000.0,8.0,575,Homem
460.8,2304.0,576.0,900.0,90.0,1000.0,8.0,576,Homem
461.6,2308.0,577.0,900.0,90.0,1000.0,8.0,577,Homem
462.4,2312.0,578.0,900.0,90.0,1000.0,8.0,578,Homem
463.2,2316.0,579.0,900.0,90.0,1000.0,8.0,579,Homem
464.0,2320.0,580.0,900.0,90.0,1000.0,8.0,580,Homem
464.8,2324.0,581.0,900.0,90.0,1000.0,8.0,581,Homem
465.6,2328.0,582.0,900.0,90.0,1000.0,8.0,582,Homem
466.4,2332.0,583.0,900.0,90.0,1000.0,8.0,583,Homem
467.2,2336.0,584.0,900.0,90.0,1000.0,8.0,584,Homem
468.0,2340.0,585.0,900.0,90.0,1000.0,8.0,585,Homem
468.8,2344.0,586.0,900.0,90.0,1000.0,8.0,586,Homem
469.6,2348.0,587.0,900.0,90.0,1000.0,8.0,587,Homem
470.4,2352.0,588.0,900.0,90.0,1000.0,8.0,588,Homem
471.2,2356.0,589.0,900.0,90.0,1000.0,8.0,589,Homem
472.0,2360.0,590.0,900.0,90.0,1000.0,8.0,590,Homem
472.8,2364.0,591.0,900.0,90.0,1000.0,8.0,591,Homem
473.6,2368.0,592.0,900.0,90.0,1000.0,8.0,592,Homem
474.4,2372.0,593.0,900.0,90.0,1000.0,8.0,593,Homem
475.2,2376.0,594.0,900.0,90.0,1000.0,8.0,594,Homem
476.0,2380.0,595.0,900.0,90.0,1000.0,8.0,595,Homem
476.8,2384.0,596.0,900.0,90.0,1000.0,8.0,596,Homem
477.6,2388.0,597.0,900.0,90.0,1000.0,8.0,597,Homem
478.4,2392.0,598.0,900.0,90.0,1000.0,8.0,598,Homem
479.2,2396.0,599.0,900.0,90.0,1000.0,8.0,599,Homem
480.0,2400.0,600.0,900.0,90.0,1000.0,8.0,600,Homem
480.8,2404.0,601.0,900.0,90.0,1000.0,8.0,601,Homem
481.6,2408.0,602.0,900.0,90.0,1000.0,8.0,602,Homem
482.4,2412.0,603.0,900.0,90.0,1000.0,8.0,603,Homem
483.2,2416.0,604.0,900.0,90.0,1000.0,8.0,604,Homem
484.0,2420.0,605.0,900.0,90.0,1000.0,8.0,605,Homem
484.8,2424.0,606.0,900.0,90.0,1000.0,8.0,606,Homem
485.6,2428.0,607.0,900.0,90.0,1000.0,8.0,607,Homem
486.4,2432.0,608.0,900.0,90.0,1000.0,8.0,608,Homem
487.2,2436.0,609.0,900.0,90.0,1000.0,8.0,609,Homem
488.0,2440.0,610.0,900.0,90.0,1000.0,8.0,610,Homem
488.8,2444.0,611.0,900.0,90.0,1000.0,8.0,611,Homem
489.6,2448.0,612.0,900.0,90.0,1000.0,8.0,612,Homem
490.4,2452.0,613.0,900.0,90.0,1000.0,8.0,613,Homem
491.2,2456.0,614.0,900.0,90.0,1000.0,8.0,614,Homem
492.0,2460.0,615.0,900.0,90.0,1000.0,8.0,615,Homem
492.8,2464.0,616.0,900.0,90.0,1000.0,8.0,616,Homem
493.6,2468.0,617.0,900.0,90.0,1000.0,8.0,617,Homem
494.4,2472.0,618.0,900.0,90.0,1000.0,8.0,618,Homem
495.2,2476.0,619.0,900.0,90.0,1000.0,8.0,619,Homem
496.0,2480.0,620.0,900.0,90.0,1000.0,8.0,620,Homem
496.8,2484.0,621.0,900.0,90.0,1000.0,8.0,621,Homem
497.6,2488.0,622.0,900.0,90.0,1000.0,8.0,622,Homem
498.4,2492.0,623.0,900.0,90.0,1000.0,8.0,623,Homem
499.2,2496.0,624.0,900.0,90.0,1000.0,8.0,624,Homem
500.0,2500.0,625.0,900.0,90.0,1000.0,8.0,625,Homem
500.8,2504.0,626.0,900.0,90.0,1000.0,8.0,626,Homem
501.6,2508.0,627.0,900.0,90.0,1000.0,8.0,627,Homem
502.4,2512.0,628.0,900.0,90.0,1000.0,8.0,628,Homem
503.2,2516.0,629.0,900.0,90.0,1000.0,8.0,629,Homem
504.0,2520.0,630.0,900.0,90.0,1000.0,8.0,630,Homem
504.8,2524.0,631.0,900.0,90.0,1000.0,8.0,631,Homem
505.6,2528.0,632.0,900.0,90.0,1000.0,8.0,632,Homem
506.4,2532.0,633.0,900.0,90.0,1000.0,8.0,633,Homem
507.2,2536.0,634.0,900.0,90.0,1000.0,8.0,634,Homem
508.0,2540.0,635.0,900.0,90.0,1000.0,8.0,635,Homem
11.2,56.0,2.0,700.0,75.0,1000.0,18.0,2,Mulher
11.8,59.0,3.0,700.0,75.0,1000.0,18.0,3,Mulher
12.4,62.0,4.0,700.0,75.0,1000.0,18.0,4,Mulher
13.0,65.0,5.0,700.0,75.0,1000.0,18.0,5,Mulher
13.6,68.0,6.0,700.0,75.0,1000.0,18.0,6,Mulher
14.2,71.0,7.0,700.0,75.0,1000.0,18.0,7,Mulher
14.8,74.0,8.0,700.0,75.0,1000.0,18.0,8,Mulher
15.4,77.0,9.0,700.0,75.0,1000.0,18.0,9,Mulher
16.0,80.0,10.0,700.0,75.0,1000.0,18.0,10,Mulher
16.6,83.0,11.0,700.0,75.0,1000.0,18.0,11,Mulher
17.2,86.0,12.0,700.0,75.0,1000.0,18.0,12,Mulher
17.8,89.0,13.0,700.0,75.0,1000.0,18.0,13,Mulher
18.4,92.0,14.0,700.0,75.0,1000.0,18.0,14,Mulher
19.0,95.0,15.0,700.0,75.0,1000.0,18.0,15,Mulher
19.6,98.0,16.0,700.0,75.0,1000.0,18.0,16,Mulher
20.2,101.0,17.0,700.0,75.0,1000.0,18.0,17,Mulher
20.8,104.0,18.0,700.0,75.0,1000.0,18.0,18,Mulher
21.4,107.0,19.0,700.0,75.0,1000.0,18.0,19,Mulher
22.0,110.0,20.0,700.0,75.0,1000.0,18.0,20,Mulher
22.6,113.0,21.0,700.0,75.0,1000.0,18.0,21,Mulher
23.2,116.0,22.0,700.0,75.0,1000.0,18.0,22,Mulher
23.8,119.0,23.0,700.0,75.0,1000.0,18.0,23,Mulher
24.4,122.0,24.0,700.0,75.0,1000.0,18.0,24,Mulher
25.0,125.0,25.0,700.0,75.0,1000.0,18.0,25,Mulher
25.6,128.0,26.0,700.0,75.0,1000.0,18.0,26,Mulher
26.2,131.0,27.0,700.0,75.0,1000.0,18.0,27,Mulher
26.8,134.0,28.0,700.0,75.0,1000.0,18.0,28,Mulher
27.4,137.0,29.0,700.0,75.0,1000.0,18.0,29,Mulher
28.0,140.0,30.0,700.0,75.0,1000.0,18.0,30,Mulher
28.6,143.0,31.0,700.0,75.0,1000.0,18.0,31,Mulher
29.2,146.0,32.0,700.0,75.0,1000.0,18.0,32,Mulher
29.8,149.0,33.0,700.0,75.0,1000.0,18.0,33,Mulher
30.4,152.0,34.0,700.0,75.0,1000.0,18.0,34,Mulher
31.0,155.0,35.0,700.0,75.0,1000.0,18.0,35,Mulher
31.6,158.0,36.0,700.0,75.0,1000.0,18.0,36,Mulher
32.2,161.0,37.0,700.0,75.0,1000.0,18.0,37,Mulher
32.8,164.0,38.0,700.0,75.0,1000.0,18.0,38,Mulher
33.4,167.0,39.0,700.0,75.0,1000.0,18.0,39,Mulher
34.0,170.0,40.0,700.0,75.0,1000.0,18.0,40,Mulher
34.6,173.0,41.0,700.0,75.0,1000.0,18.0,41,Mulher
35.2,176.0,42.0,700.0,75.0,1000.0,18.0,42,Mulher
35.8,179.0,43.0,700.0,75.0,1000.0,18.0,43,Mulher
36.4,182.0,44.0,700.0,75.0,1000.0,18.0,44,Mulher
37.0,185.0,45.0,700.0,75.0,1000.0,18.0,45,Mulher
37.6,188.0,46.0,700.0,75.0,1000.0,18.0,46,Mulher
38.2,191.0,47.0,700.0,75.0,1000.0,18.0,47,Mulher
38.8,194.0,48.0,700.0,75.0,1000.0,18.0,48,Mulher
39.4,197.0,49.0,700.0,75.0,1000.0,18.0,49,Mulher
40.0,200.0,50.0,700.0,75.0,1000.0,18.0,50,Mulher
40.6,203.0,51.0,700.0,75.0,1000.0,18.0,51,Mulher
41.2,206.0,52.0,700.0,75.0,1000.0,18.0,52,Mulher
41.8,209.0,53.0,700.0,75.0,1000.0,18.0,53,Mulher
42.4,212.0,54.0,700.0,75.0,1000.0,18.0,54,Mulher
43.0,215.0,55.0,700.0,75.0,1000.0,18.0,55,Mulher
43.6,218.0,56.0,700.0,75.0,1000.0,18.0,56,Mulher
44.2,221.0,57.0,700.0,75.0,1000.0,18.0,57,Mulher
44.8,224.0,58.0,700.0,75.0,1000.0,18.0,58,Mulher
45.4,227.0,59.0,700.0,75.0,1000.0,18.0,59,Mulher
46.0,230.0,60.0,700.0,75.0,1000.0,18.0,60,Mulher
46.6,233.0,61.0,700.0,75.0,1000.0,18.0,61,Mulher
47.2,236.0,62.0,700.0,75.0,1000.0,18.0,62,Mulher
47.8,239.0,63.0,700.0,75.0,1000.0,18.0,63,Mulher
48.4,242.0,64.0,700.0,75.0,1000.0,18.0,64,Mulher
49.0,245.0,65.0,700.0,75.0,1000.0,18.0,65,Mulher
49.6,248.0,66.0,700.0,75.0,1000.0,18.0,66,Mulher
50.2,251.0,67.0,700.0,75.0,1000.0,18.0,67,Mulher
50.8,254.0,68.0,700.0,75.0,1000.0,18.0,68,Mulher
51.4,257.0,69.0,700.0,75.0,1000.0,18.0,69,Mulher
52.0,260.0,70.0,700.0,75.0,1000.0,18.0,70,Mulher
52.6,263.0,71.0,700.0,75.0,1000.0,18.0,71,Mulher
53.2,266.0,72.0,700.0,75.0,1000.0,18.0,72,Mulher
53.8,269.0,73.0,700.0,75.0,1000.0,18.0,73,Mulher
54.4,272.0,74.0,700.0,75.0,1000.0,18.0,74,Mulher
55.0,275.0,75.0,700.0,75.0,1000.0,18.0,75,Mulher
55.6,278.0,76.0,700.0,75.0,1000.0,18.0,76,Mulher
56.2,281.0,77.0,700.0,75.0,1000.0,18.0,77,Mulher
56.8,284.0,78.0,700.0,75.0,1000.0,18.0,78,Mulher
57.4,287.0,79.0,700.0,75.0,1000.0,18.0,79,Mulher
58.0,290.0,80.0,700.0,75.0,1000.0,18.0,80,Mulher
58.6,293.0,81.0,700.0,75.0,1000.0,18.0,81,Mulher
59.2,296.0,82.0,700.0,75.0,1000.0,18.0,82,Mulher
59.8,299.0,83.0,700.0,75.0,1000.0,18.0,83,Mulher
60.4,302.0,84.0,700.0,75.0,1000.0,18.0,84,Mulher
61.0,305.0,85.0,700.0,75.0,1000.0,18.0,85,Mulher
61.6,308.0,86.0,700.0,75.0,1000.0,18.0,86,Mulher
62.2,311.0,87.0,700.0,75.0,1000.0,18.0,87,Mulher
62.8,314.0,88.0,700.0,75.0,1000.0,18.0,88,Mulher
63.4,317.0,89.0,700.0,75.0,1000.0,18.0,89,Mulher
64.0,320.0,90.0,700.0,75.0,1000.0,18.0,90,Mulher
64.6,323.0,91.0,700.0,75.0,1000.0,18.0,91,Mulher
65.2,326.0,92.0,700.0,75.0,1000.0,18.0,92,Mulher
65.8,329.0,93.0,700.0,75.0,1000.0,18.0,93,Mulher
66.4,332.0,94.0,700.0,75.0,1000.0,18.0,94,Mulher
67.0,335.0,95.0,700.0,75.0,1000.0,18.0,95,Mulher
67.6,338.0,96.0,700.0,75.0,1000.0,18.0,96,Mulher
68.2,341.0,97.0,700.0,75.0,1000.0,18.0,97,Mulher
68.8,344.0,98.0,700.0,75.0,1000.0,18.0,98,Mulher
69.4,347.0,99.0,700.0,75.0,1000.0,18.0,99,Mulher
70.0,350.0,100.0,700.0,75.0,1000.0,18.0,100,Mulher
70.6,353.0,101.0,700.0,75.0,1000.0,18.0,101,Mulher
71.2,356.0,102.0,700.0,75.0,1000.0,18.0,102,Mulher
71.8,359.0,103.0,700.0,75.0,1000.0,18.0,103,Mulher
72.4,362.0,104.0,700.0,75.0,1000.0,18.0,104,Mulher
73.0,365.0,105.0,700.0,75.0,1000.0,18.0,105,Mulher
73.6,368.0,106.0,700.0,75.0,1000.0,18.0,106,Mulher
74.2,371.0,107.0,700.0,75.0,1000.0,18.0,107,Mulher
74.8,374.0,108.0,700.0,75.0,1000.0,18.0,108,Mulher
75.4,377.0,109.0,700.0,75.0,1000.0,18.0,109,Mulher
76.0,380.0,110.0,700.0,75.0,1000.0,18.0,110,Mulher
76.6,383.0,111.0,700.0,75.0,1000.0,18.0,111,Mulher
77.2,386.0,112.0,700.0,75.0,1000.0,18.0,112,Mulher
77.8,389.0,113.0,700.0,75.0,1000.0,18.0,113,Mulher
78.4,392.0,114.0,700.0,75.0,1000.0,18.0,114,Mulher
79.0,395.0,115.0,700.0,75.0,1000.0,18.0,115,Mulher
79.6,398.0,116.0,700.0,75.0,1000.0,18.0,116,Mulher
80.2,401.0,117.0,700.0,75.0,1000.0,18.0,117,Mulher
80.8,404.0,118.0,700.0,75.0,1000.0,18.0,118,Mulher
81.4,407.0,119.0,700.0,75.0,1000.0,18.0,119,Mulher
82.0,410.0,120.0,700.0,75.0,1000.0,18.0,120,Mulher
82.6,413.0,121.0,700.0,75.0,1000.0,18.0,121,Mulher
83.2,416.0,122.0,700.0,75.0,1000.0,18.0,122,Mulher
83.8,419.0,123.0,700.0,75.0,1000.0,18.0,123,Mulher
84.4,422.0,124.0,700.0,75.0,1000.0,18.0,124,Mulher
85.0,425.0,125.0,700.0,75.0,1000.0,18.0,125,Mulher
85.6,428.0,126.0,700.0,75.0,1000.0,18.0,126,Mulher
86.2,431.0,127.0,700.0,75.0,1000.0,18.0,127,Mulher
86.8,434.0,128.0,700.0,75.0,1000.0,18.0,128,Mulher
87.4,437.0,129.0,700.0,75.0,1000.0,18.0,129,Mulher
88.0,440.0,130.0,700.0,75.0,1000.0,18.0,130,Mulher
88.6,443.0,131.0,700.0,75.0,1000.0,18.0,131,Mulher
89.2,446.0,132.0,700.0,75.0,1000.0,18.0,132,Mulher
89.8,449.0,133.0,700.0,75.0,1000.0,18.0,133,Mulher
90.4,452.0,134.0,700.0,75.0,1000.0,18.0,134,Mulher
91.0,455.0,135.0,700.0,75.0,1000.0,18.0,135,Mulher
91.6,458.0,136.0,700.0,75.0,1000.0,18.0,136,Mulher
92.2,461.0,137.0,700.0,75.0,1000.0,18.0,137,Mulher
92.8,464.0,138.0,700.0,75.0,1000.0,18.0,138,Mulher
93.4,467.0,139.0,700.0,75.0,1000.0,18.0,139,Mulher
94.0,470.0,140.0,700.0,75.0,1000.0,18.0,140,Mulher
94.6,473.0,141.0,700.0,75.0,1000.0,18.0,141,Mulher
95.2,476.0,142.0,700.0,75.0,1000.0,18.0,142,Mulher
95.8,479.0,143.0,700.0,75.0,1000.0,18.0,143,Mulher
96.4,482.0,144.0,700.0,75.0,1000.0,18.0,144,Mulher
97.0,485.0,145.0,700.0,75.0,1000.0,18.0,145,Mulher
97.6,488.0,146.0,700.0,75.0,1000.0,18.0,146,Mulher
98.2,491.0,147.0,700.0,75.0,1000.0,18.0,147,Mulher
98.8,494.0,148.0,700.0,75.0,1000.0,18.0,148,Mulher
99.4,497.0,149.0,700.0,75.0,1000.0,18.0,149,Mulher
100.0,500.0,150.0,700.0,75.0,1000.0,18.0,150,Mulher
100.6,503.0,151.0,700.0,75.0,1000.0,18.0,151,Mulher
101.2,506.0,152.0,700.0,75.0,1000.0,18.0,152,Mulher
101.8,509.0,153.0,700.0,75.0,1000.0,18.0,153,Mulher
102.4,512.0,154.0,700.0,75.0,1000.0,18.0,154,Mulher
103.0,515.0,155.0,700.0,75.0,1000.0,18.0,155,Mulher
103.6,518.0,156.0,700.0,75.0,1000.0,18.0,156,Mulher
104.2,521.0,157.0,700.0,75.0,1000.0,18.0,157,Mulher
104.8,524.0,158.0,700.0,75.0,1000.0,18.0,158,Mulher
105.4,527.0,159.0,700.0,75.0,1000.0,18.0,159,Mulher
106.0,530.0,160.0,700.0,75.0,1000.0,18.0,160,Mulher
106.6,533.0,161.0,700.0,75.0,1000.0,18.0,161,Mulher
107.2,536.0,162.0,700.0,75.0,1000.0,18.0,162,Mulher
107.8,539.0,163.0,700.0,75.0,1000.0,18.0,163,Mulher
108.4,542.0,164.0,700.0,75.0,1000.0,18.0,164,Mulher
109.0,545.0,165.0,700.0,75.0,1000.0,18.0,165,Mulher
109.6,548.0,166.0,700.0,75.0,1000.0,18.0,166,Mulher
110.2,551.0,167.0,700.0,75.0,1000.0,18.0,167,Mulher
110.8,554.0,168.0,700.0,75.0,1000.0,18.0,168,Mulher
111.4,557.0,169.0,700.0,75.0,1000.0,18.0,169,Mulher
112.0,560.0,170.0,700.0,75.0,1000.0,18.0,170,Mulher
112.6,563.0,171.0,700.0,75.0,1000.0,18.0,171,Mulher
113.2,566.0,172.0,700.0,75.0,1000.0,18.0,172,Mulher
113.8,569.0,173.0,700.0,75.0,1000.0,18.0,173,Mulher
114.4,572.0,174.0,700.0,75.0,1000.0,18.0,174,Mulher
115.0,575.0,175.0,700.0,75.0,1000.0,18.0,175,Mulher
115.6,578.0,176.0,700.0,75.0,1000.0,18.0,176,Mulher
116.2,581.0,177.0,700.0,75.0,1000.0,18.0,177,Mulher
116.8,584.0,178.0,700.0,75.0,1000.0,18.0,178,Mulher
117.4,587.0,179.0,700.0,75.0,1000.0,18.0,179,Mulher
118.0,590.0,180.0,700.0,75.0,1000.0,18.0,180,Mulher
118.6,593.0,181.0,700.0,75.0,1000.0,18.0,181,Mulher
119.2,596.0,182.0,700.0,75.0,1000.0,18.0,182,Mulher
119.8,599.0,183.0,700.0,75.0,1000.0,18.0,183,Mulher
120.4,602.0,184.0,700.0,75.0,1000.0,18.0,184,Mulher
121.0,605.0,185.0,700.0,75.0,1000.0,18.0,185,Mulher
121.6,608.0,186.0,700.0,75.0,1000.0,18.0,186,Mulher
122.2,611.0,187.0,700.0,75.0,1000.0,18.0,187,Mulher
122.8,614.0,188.0,700.0,75.0,1000.0,18.0,188,Mulher
123.4,617.0,189.0,700.0,75.0,1000.0,18.0,189,Mulher
124.0,620.0,190.0,700.0,75.0,1000.0,18.0,190,Mulher
124.6,623.0,191.0,700.0,75.0,1000.0,18.0,191,Mulher
125.2,626.0,192.0,700.0,75.0,1000.0,18.0,192,Mulher
125.8,629.0,193.0,700.0,75.0,1000.0,18.0,193,Mulher
126.4,632.0,194.0,700.0,75.0,1000.0,18.0,194,Mulher
127.0,635.0,195.0,700.0,75.0,1000.0,18.0,195,Mulher
127.6,638.0,196.0,700.0,75.0,1000.0,18.0,196,Mulher
128.2,641.0,197.0,700.0,75.0,1000.0,18.0,197,Mulher
128.8,644.0,198.0,700.0,75.0,1000.0,18.0,198,Mulher
129.4,647.0,199.0,700.0,75.0,1000.0,18.0,199,Mulher
130.0,650.0,200.0,700.0,75.0,1000.0,18.0,200,Mulher
130.6,653.0,201.0,700.0,75.0,1000.0,18.0,201,Mulher
131.2,656.0,202.0,700.0,75.0,1000.0,18.0,202,Mulher
131.8,659.0,203.0,700.0,75.0,1000.0,18.0,203,Mulher
132.4,662.0,204.0,700.0,75.0,1000.0,18.0,204,Mulher
133.0,665.0,205.0,700.0,75.0,1000.0,18.0,205,Mulher
133.6,668.0,206.0,700.0,75.0,1000.0,18.0,206,Mulher
134.2,671.0,207.0,700.0,75.0,1000.0,18.0,207,Mulher
134.8,674.0,208.0,700.0,75.0,1000.0,18.0,208,Mulher
135.4,677.0,209.0,700.0,75.0,1000.0,18.0,209,Mulher
136.0,680.0,210.0,700.0,75.0,1000.0,18.0,210,Mulher
136.6,683.0,211.0,700.0,75.0,1000.0,18.0,211,Mulher
137.2,686.0,212.0,700.0,75.0,1000.0,18.0,212,Mulher
137.8,689.0,213.0,700.0,75.0,1000.0,18.0,213,Mulher
138.4,692.0,214.0,700.0,75.0,1000.0,18.0,214,Mulher
139.0,695.0,215.0,700.0,75.0,1000.0,18.0,215,Mulher
139.6,698.0,216.0,700.0,75.0,1000.0,18.0,216,Mulher
140.2,701.0,217.0,700.0,75.0,1000.0,18.0,217,Mulher
140.8,704.0,218.0,700.0,75.0,1000.0,18.0,218,Mulher
141.4,707.0,219.0,700.0,75.0,1000.0,18.0,219,Mulher
142.0,710.0,220.0,700.0,75.0,1000.0,18.0,220,Mulher
142.6,713.0,221.0,700.0,75.0,1000.0,18.0,221,Mulher
143.2,716.0,222.0,700.0,75.0,1000.0,18.0,222,Mulher
143.8,719.0,223.0,700.0,75.0,1000.0,18.0,223,Mulher
144.4,722.0,224.0,700.0,75.0,1000.0,18.0,224,Mulher
145.0,725.0,225.0,700.0,75.0,1000.0,18.0,225,Mulher
145.6,728.0,226.0,700.0,75.0,1000.0,18.0,226,Mulher
146.2,731.0,227.0,700.0,75.0,1000.0,18.0,227,Mulher
146.8,734.0,228.0,700.0,75.0,1000.0,18.0,228,Mulher
147.4,737.0,229.0,700.0,75.0,1000.0,18.0,229,Mulher
148.0,740.0,230.0,700.0,75.0,1000.0,18.0,230,Mulher
148.6,743.0,231.0,700.0,75.0,1000.0,18.0,231,Mulher
149.2,746.0,232.0,700.0,75.0,1000.0,18.0,232,Mulher
149.8,749.0,233.0,700.0,75.0,1000.0,18.0,233,Mulher
150.4,752.0,234.0,700.0,75.0,1000.0,18.0,234,Mulher
151.0,755.0,235.0,700.0,75.0,1000.0,18.0,235,Mulher
151.6,758.0,236.0,700.0,75.0,1000.0,18.0,236,Mulher
152.2,761.0,237.0,700.0,75.0,1000.0,18.0,237,Mulher
152.8,764.0,238.0,700.0,75.0,1000.0,18.0,238,Mulher
153.4,767.0,239.0,700.0,75.0,1000.0,18.0,239,Mulher
154.0,770.0,240.0,700.0,75.0,1000.0,18.0,240,Mulher
154.6,773.0,241.0,700.0,75.0,1000.0,18.0,241,Mulher
155.2,776.0,242.0,700.0,75.0,1000.0,18.0,242,Mulher
155.8,779.0,243.0,700.0,75.0,1000.0,18.0,243,Mulher
156.4,782.0,244.0,700.0,75.0,1000.0,18.0,244,Mulher
157.0,785.0,245.0,700.0,75.0,1000.0,18.0,245,Mulher
157.6,788.0,246.0,700.0,75.0,1000.0,18.0,246,Mulher
158.2,791.0,247.0,700.0,75.0,1000.0,18.0,247,Mulher
158.8,794.0,248.0,700.0,75.0,1000.0,18.0,248,Mulher
159.4,797.0,249.0,700.0,75.0,1000.0,18.0,249,Mulher
160.0,800.0,250.0,700.0,75.0,1000.0,18.0,250,Mulher
160.6,803.0,251.0,700.0,75.0,1000.0,18.0,251,Mulher
161.2,806.0,252.0,700.0,75.0,1000.0,18.0,252,Mulher
161.8,809.0,253.0,700.0,75.0,1000.0,18.0,253,Mulher
162.4,812.0,254.0,700.0,75.0,1000.0,18.0,254,Mulher
163.0,815.0,255.0,700.0,75.0,1000.0,18.0,255,Mulher
163.6,818.0,256.0,700.0,75.0,1000.0,18.0,256,Mulher
164.2,821.0,257.0,700.0,75.0,1000.0,18.0,257,Mulher
164.8,824.0,258.0,700.0,75.0,1000.0,18.0,258,Mulher
165.4,827.0,259.0,700.0,75.0,1000.0,18.0,259,Mulher
166.0,830.0,260.0,700.0,75.0,1000.0,18.0,260,Mulher
166.6,833.0,261.0,700.0,75.0,1000.0,18.0,261,Mulher
167.2,836.0,262.0,700.0,75.0,1000.0,18.0,262,Mulher
167.8,839.0,263.0,700.0,75.0,1000.0,18.0,263,Mulher
168.4,842.0,264.0,700.0,75.0,1000.0,18.0,264,Mulher
169.0,845.0,265.0,700.0,75.0,1000.0,18.0,265,Mulher
169.6,848.0,266.0,700.0,75.0,1000.0,18.0,266,Mulher
170.2,851.0,267.0,700.0,75.0,1000.0,18.0,267,Mulher
170.8,854.0,268.0,700.0,75.0,1000.0,18.0,268,Mulher
171.4,857.0,269.0,700.0,75.0,1000.0,18.0,269,Mulher
172.0,860.0,270.0,700.0,75.0,1000.0,18.0,270,Mulher
172.6,863.0,271.0,700.0,75.0,1000.0,18.0,271,Mulher
173.2,866.0,272.0,700.0,75.0,1000.0,18.0,272,Mulher
173.8,869.0,273.0,700.0,75.0,1000.0,18.0,273,Mulher
174.4,872.0,274.0,700.0,75.0,1000.0,18.0,274,Mulher
175.0,875.0,275.0,700.0,75.0,1000.0,18.0,275,Mulher
175.6,878.0,276.0,700.0,75.0,1000.0,18.0,276,Mulher
176.2,881.0,277.0,700.0,75.0,1000.0,18.0,277,Mulher
176.8,884.0,278.0,700.0,75.0,1000.0,18.0,278,Mulher
177.4,887.0,279.0,700.0,75.0,1000.0,18.0,279,Mulher
178.0,890.0,280.0,700.0,75.0,1000.0,18.0,280,Mulher
178.6,893.0,281.0,700.0,75.0,1000.0,18.0,281,Mulher
179.2,896.0,282.0,700.0,75.0,1000.0,18.0,282,Mulher
179.8,899.0,283.0,700.0,75.0,1000.0,18.0,283,Mulher
180.4,902.0,284.0,700.0,75.0,1000.0,18.0,284,Mulher
181.0,905.0,285.0,700.0,75.0,1000.0,18.0,285,Mulher
181.6,908.0,286.0,700.0,75.0,1000.0,18.0,286,Mulher
182.2,911.0,287.0,700.0,75.0,1000.0,18.0,287,Mulher
182.8,914.0,288.0,700.0,75.0,1000.0,18.0,288,Mulher
183.4,917.0,289.0,700.0,75.0,1000.0,18.0,289,Mulher
184.0,920.0,290.0,700.0,75.0,1000.0,18.0,290,Mulher
184.6,923.0,291.0,700.0,75.0,1000.0,18.0,291,Mulher
185.2,926.0,292.0,700.0,75.0,1000.0,18.0,292,Mulher
185.8,929.0,293.0,700.0,75.0,1000.0,18.0,293,Mulher
186.4,932.0,294.0,700.0,75.0,1000.0,18.0,294,Mulher
187.0,935.0,295.0,700.0,75.0,1000.0,18.0,295,Mulher
187.6,938.0,296.0,700.0,75.0,1000.0,18.0,296,Mulher
188.2,941.0,297.0,700.0,75.0,1000.0,18.0,297,Mulher
188.8,944.0,298.0,700.0,75.0,1000.0,18.0,298,Mulher
189.4,947.0,299.0,700.0,75.0,1000.0,18.0,299,Mulher
190.0,950.0,300.0,700.0,75.0,1000.0,18.0,300,Mulher
190.6,953.0,301.0,700.0,75.0,1000.0,18.0,301,Mulher
191.2,956.0,302.0,700.0,75.0,1000.0,18.0,302,Mulher
191.8,959.0,303.0,700.0,75.0,1000.0,18.0,303,Mulher
192.4,962.0,304.0,700.0,75.0,1000.0,18.0,304,Mulher
193.0,965.0,305.0,700.0,75.0,1000.0,18.0,305,Mulher
193.6,968.0,306.0,700.0,75.0,1000.0,18.0,306,Mulher
194.2,971.0,307.0,700.0,75.0,1000.0,18.0,307,Mulher
194.8,974.0,308.0,700.0,75.0,1000.0,18.0,308,Mulher
195.4,977.0,309.0,700.0,75.0,1000.0,18.0,309,Mulher
196.0,980.0,310.0,700.0,75.0,1000.0,18.0,310,Mulher
196.6,983.0,311.0,700.0,75.0,1000.0,18.0,311,Mulher
197.2,986.0,312.0,700.0,75.0,1000.0,18.0,312,Mulher
197.8,989.0,313.0,700.0,75.0,1000.0,18.0,313,Mulher
198.4,992.0,314.0,700.0,75.0,1000.0,18.0,314,Mulher
199.0,995.0,315.0,700.0,75.0,1000.0,18.0,315,Mulher
199.6,998.0,316.0,700.0,75.0,1000.0,18.0,316,Mulher
200.2,1001.0,317.0,700.0,75.0,1000.0,18.0,317,Mulher
200.8,1004.0,318.0,700.0,75.0,1000.0,18.0,318,Mulher
201.4,1007.0,319.0,700.0,75.0,1000.0,18.0,319,Mulher
202.0,1010.0,320.0,700.0,75.0,1000.0,18.0,320,Mulher
202.6,1013.0,321.0,700.0,75.0,1000.0,18.0,321,Mulher
203.2,1016.0,322.0,700.0,75.0,1000.0,18.0,322,Mulher
203.8,1019.0,323.0,700.0,75.0,1000.0,18.0,323,Mulher
204.4,1022.0,324.0,700.0,75.0,1000.0,18.0,324,Mulher
205.0,1025.0,325.0,700.0,75.0,1000.0,18.0,325,Mulher
205.6,1028.0,326.0,700.0,75.0,1000.0,18.0,326,Mulher
206.2,1031.0,327.0,700.0,75.0,1000.0,18.0,327,Mulher
206.8,1034.0,328.0,700.0,75.0,1000.0,18.0,328,Mulher
207.4,1037.0,329.0,700.0,75.0,1000.0,18.0,329,Mulher
208.0,1040.0,330.0,700.0,75.0,1000.0,18.0,330,Mulher
208.6,1043.0,331.0,700.0,75.0,1000.0,18.0,331,Mulher
209.2,1046.0,332.0,700.0,75.0,1000.0,18.0,332,Mulher
209.8,1049.0,333.0,700.0,75.0,1000.0,18.0,333,Mulher
210.4,1052.0,334.0,700.0,75.0,1000.0,18.0,334,Mulher
211.0,1055.0,335.0,700.0,75.0,1000.0,18.0,335,Mulher
211.6,1058.0,336.0,700.0,75.0,1000.0,18.0,336,Mulher
212.2,1061.0,337.0,700.0,75.0,1000.0,18.0,337,Mulher
212.8,1064.0,338.0,700.0,75.0,1000.0,18.0,338,Mulher
213.4,1067.0,339.0,700.0,75.0,1000.0,18.0,339,Mulher
214.0,1070.0,340.0,700.0,75.0,1000.0,18.0,340,Mulher
214.6,1073.0,341.0,700.0,75.0,1000.0,18.0,341,Mulher
215.2,1076.0,342.0,700.0,75.0,1000.0,18.0,342,Mulher
215.8,1079.0,343.0,700.0,75.0,1000.0,18.0,343,Mulher
216.4,1082.0,344.0,700.0,75.0,1000.0,18.0,344,Mulher
217.0,1085.0,345.0,700.0,75.0,1000.0,18.0,345,Mulher
217.6,1088.0,346.0,700.0,75.0,1000.0,18.0,346,Mulher
218.2,1091.0,347.0,700.0,75.0,1000.0,18.0,347,Mulher
218.8,1094.0,348.0,700.0,75.0,1000.0,18.0,348,Mulher
219.4,1097.0,349.0,700.0,75.0,1000.0,18.0,349,Mulher
220.0,1100.0,350.0,700.0,75.0,1000.0,18.0,350,Mulher
220.6,1103.0,351.0,700.0,75.0,1000.0,18.0,351,Mulher
221.2,1106.0,352.0,700.0,75.0,1000.0,18.0,352,Mulher
221.8,1109.0,353.0,700.0,75.0,1000.0,18.0,353,Mulher
222.4,1112.0,354.0,700.0,75.0,1000.0,18.0,354,Mulher
223.0,1115.0,355.0,700.0,75.0,1000.0,18.0,355,Mulher
223.6,1118.0,356.0,700.0,75.0,1000.0,18.0,356,Mulher
224.2,1121.0,357.0,700.0,75.0,1000.0,18.0,357,Mulher
224.8,1124.0,358.0,700.0,75.0,1000.0,18.0,358,Mulher
225.4,1127.0,359.0,700.0,75.0,1000.0,18.0,359,Mulher
226.0,1130.0,360.0,700.0,75.0,1000.0,18.0,360,Mulher
226.6,1133.0,361.0,700.0,75.0,1000.0,18.0,361,Mulher
227.2,1136.0,362.0,700.0,75.0,1000.0,18.0,362,Mulher
227.8,1139.0,363.0,700.0,75.0,1000.0,18.0,363,Mulher
228.4,1142.0,364.0,700.0,75.0,1000.0,18.0,364,Mulher
229.0,1145.0,365.0,700.0,75.0,1000.0,18.0,365,Mulher
229.6,1148.0,366.0,700.0,75.0,1000.0,18.0,366,Mulher
230.2,1151.0,367.0,700.0,75.0,1000.0,18.0,367,Mulher
230.8,1154.0,368.0,700.0,75.0,1000.0,18.0,368,Mulher
231.4,1157.0,369.0,700.0,75.0,1000.0,18.0,369,Mulher
232.0,1160.0,370.0,700.0,75.0,1000.0,18.0,370,Mulher
232.6,1163.0,371.0,700.0,75.0,1000.0,18.0,371,Mulher
233.2,1166.0,372.0,700.0,75.0,1000.0,18.0,372,Mulher
233.8,1169.0,373.0,700.0,75.0,1000.0,18.0,373,Mulher
234.4,1172.0,374.0,700.0,75.0,1000.0,18.0,374,Mulher
235.0,1175.0,375.0,700.0,75.0,1000.0,18.0,375,Mulher
235.6,1178.0,376.0,700.0,75.0,1000.0,18.0,376,Mulher
236.2,1181.0,377.0,700.0,75.0,1000.0,18.0,377,Mulher
236.8,1184.0,378.0,700.0,75.0,1000.0,18.0,378,Mulher
237.4,1187.0,379.0,700.0,75.0,1000.0,18.0,379,Mulher
238.0,1190.0,380.0,700.0,75.0,1000.0,18.0,380,Mulher
238.6,1193.0,381.0,700.0,75.0,1000.0,18.0,381,Mulher
239.2,1196.0,382.0,700.0,75.0,1000.0,18.0,382,Mulher
239.8,1199.0,383.0,700.0,75.0,1000.0,18.0,383,Mulher
240.4,1202.0,384.0,700.0,75.0,1000.0,18.0,384,Mulher
241.0,1205.0,385.0,700.0,75.0,1000.0,18.0,385,Mulher
241.6,1208.0,386.0,700.0,75.0,1000.0,18.0,386,Mulher
242.2,1211.0,387.0,700.0,75.0,1000.0,18.0,387,Mulher
242.8,1214.0,388.0,700.0,75.0,1000.0,18.0,388,Mulher
243.4,1217.0,389.0,700.0,75.0,1000.0,18.0,389,Mulher
244.0,1220.0,390.0,700.0,75.0,1000.0,18.0,390,Mulher
244.6,1223.0,391.0,700.0,75.0,1000.0,18.0,391,Mulher
245.2,1226.0,392.0,700.0,75.0,1000.0,18.0,392,Mulher
245.8,1229.0,393.0,700.0,75.0,1000.0,18.0,393,Mulher
246.4,1232.0,394.0,700.0,75.0,1000.0,18.0,394,Mulher
247.0,1235.0,395.0,700.0,75.0,1000.0,18.0,395,Mulher
247.6,1238.0,396.0,700.0,75.0,1000.0,18.0,396,Mulher
248.2,1241.0,397.0,700.0,75.0,1000.0,18.0,397,Mulher
248.8,1244.0,398.0,700.0,75.0,1000.0,18.0,398,Mulher
249.4,1247.0,399.0,700.0,75.0,1000.0,18.0,399,Mulher
250.0,1250.0,400.0,700.0,75.0,1000.0,18.0,400,Mulher
250.6,1253.0,401.0,700.0,75.0,1000.0,18.0,401,Mulher
251.2,1256.0,402.0,700.0,75.0,1000.0,18.0,402,Mulher
251.8,1259.0,403.0,700.0,75.0,1000.0,18.0,403,Mulher
252.4,1262.0,404.0,700.0,75.0,1000.0,18.0,404,Mulher
253.0,1265.0,405.0,700.0,75.0,1000.0,18.0,405,Mulher
253.6,1268.0,406.0,700.0,75.0,1000.0,18.0,406,Mulher
254.2,1271.0,407.0,700.0,75.0,1000.0,18.0,407,Mulher
254.8,1274.0,408.0,700.0,75.0,1000.0,18.0,408,Mulher
255.4,1277.0,409.0,700.0,75.0,1000.0,18.0,409,Mulher
256.0,1280.0,410.0,700.0,75.0,1000.0,18.0,410,Mulher
256.6,1283.0,411.0,700.0,75.0,1000.0,18.0,411,Mulher
257.2,1286.0,412.0,700.0,75.0,1000.0,18.0,412,Mulher
257.8,1289.0,413.0,700.0,75.0,1000.0,18.0,413,Mulher
258.4,1292.0,414.0,700.0,75.0,1000.0,18.0,414,Mulher
259.0,1295.0,415.0,700.0,75.0,1000.0,18.0,415,Mulher
259.6,1298.0,416.0,700.0,75.0,1000.0,18.0,416,Mulher
260.2,1301.0,417.0,700.0,75.0,1000.0,18.0,417,Mulher
260.8,1304.0,418.0,700.0,75.0,1000.0,18.0,418,Mulher
261.4,1307.0,419.0,700.0,75.0,1000.0,18.0,419,Mulher
262.0,1310.0,420.0,700.0,75.0,1000.0,18.0,420,Mulher
262.6,1313.0,421.0,700.0,75.0,1000.0,18.0,421,Mulher
263.2,1316.0,422.0,700.0,75.0,1000.0,18.0,422,Mulher
263.8,1319.0,423.0,700.0,75.0,1000.0,18.0,423,Mulher
264.4,1322.0,424.0,700.0,75.0,1000.0,18.0,424,Mulher
265.0,1325.0,425.0,700.0,75.0,1000.0,18.0,425,Mulher
265.6,1328.0,426.0,700.0,75.0,1000.0,18.0,426,Mulher
266.2,1331.0,427.0,700.0,75.0,1000.0,18.0,427,Mulher
266.8,1334.0,428.0,700.0,75.0,1000.0,18.0,428,Mulher
267.4,1337.0,429.0,700.0,75.0,1000.0,18.0,429,Mulher
268.0,1340.0,430.0,700.0,75.0,1000.0,18.0,430,Mulher
268.6,1343.0,431.0,700.0,75.0,1000.0,18.0,431,Mulher
269.2,1346.0,432.0,700.0,75.0,1000.0,18.0,432,Mulher
269.8,1349.0,433.0,700.0,75.0,1000.0,18.0,433,Mulher
270.4,1352.0,434.0,700.0,75.0,1000.0,18.0,434,Mulher
271.0,1355.0,435.0,700.0,75.0,1000.0,18.0,435,Mulher
271.6,1358.0,436.0,700.0,75.0,1000.0,18.0,436,Mulher
272.2,1361.0,437.0,700.0,75.0,1000.0,18.0,437,Mulher
272.8,1364.0,438.0,700.0,75.0,1000.0,18.0,438,Mulher
273.4,1367.0,439.0,700.0,75.0,1000.0,18.0,439,Mulher
274.0,1370.0,440.0,700.0,75.0,1000.0,18.0,440,Mulher
274.6,1373.0,441.0,700.0,75.0,1000.0,18.0,441,Mulher
275.2,1376.0,442.0,700.0,75.0,1000.0,18.0,442,Mulher
275.8,1379.0,443.0,700.0,75.0,1000.0,18.0,443,Mulher
276.4,1382.0,444.0,700.0,75.0,1000.0,18.0,444,Mulher
277.0,1385.0,445.0,700.0,75.0,1000.0,18.0,445,Mulher
277.6,1388.0,446.0,700.0,75.0,1000.0,18.0,446,Mulher
278.2,1391.0,447.0,700.0,75.0,1000.0,18.0,447,Mulher
278.8,1394.0,448.0,700.0,75.0,1000.0,18.0,448,Mulher
279.4,1397.0,449.0,700.0,75.0,1000.0,18.0,449,Mulher
280.0,1400.0,450.0,700.0,75.0,1000.0,18.0,450,Mulher
280.6,1403.0,451.0,700.0,75.0,1000.0,18.0,451,Mulher
281.2,1406.0,452.0,700.0,75.0,1000.0,18.0,452,Mulher
281.8,1409.0,453.0,700.0,75.0,1000.0,18.0,453,Mulher
282.4,1412.0,454.0,700.0,75.0,1000.0,18.0,454,Mulher
283.0,1415.0,455.0,700.0,75.0,1000.0,18.0,455,Mulher
283.6,1418.0,456.0,700.0,75.0,1000.0,18.0,456,Mulher
284.2,1421.0,457.0,700.0,75.0,1000.0,18.0,457,Mulher
284.8,1424.0,458.0,700.0,75.0,1000.0,18.0,458,Mulher
285.4,1427.0,459.0,700.0,75.0,1000.0,18.0,459,Mulher
286.0,1430.0,460.0,700.0,75.0,1000.0,18.0,460,Mulher
286.6,1433.0,461.0,700.0,75.0,1000.0,18.0,461,Mulher
287.2,1436.0,462.0,700.0,75.0,1000.0,18.0,462,Mulher
287.8,1439.0,463.0,700.0,75.0,1000.0,18.0,463,Mulher
288.4,1442.0,464.0,700.0,75.0,1000.0,18.0,464,Mulher
289.0,1445.0,465.0,700.0,75.0,1000.0,18.0,465,Mulher
289.6,1448.0,466.0,700.0,75.0,1000.0,18.0,466,Mulher
290.2,1451.0,467.0,700.0,75.0,1000.0,18.0,467,Mulher
290.8,1454.0,468.0,700.0,75.0,1000.0,18.0,468,Mulher
291.4,1457.0,469.0,700.0,75.0,1000.0,18.0,469,Mulher
292.0,1460.0,470.0,700.0,75.0,1000.0,18.0,470,Mulher
292.6,1463.0,471.0,700.0,75.0,1000.0,18.0,471,Mulher
293.2,1466.0,472.0,700.0,75.0,1000.0,18.0,472,Mulher
293.8,1469.0,473.0,700.0,75.0,1000.0,18.0,473,Mulher
294.4,1472.0,474.0,700.0,75.0,1000.0,18.0,474,Mulher
295.0,1475.0,475.0,700.0,75.0,1000.0,18.0,475,Mulher
295.6,1478.0,476.0,700.0,75.0,1000.0,18.0,476,Mulher
296.2,1481.0,477.0,700.0,75.0,1000.0,18.0,477,Mulher
296.8,1484.0,478.0,700.0,75.0,1000.0,18.0,478,Mulher
297.4,1487.0,479.0,700.0,75.0,1000.0,18.0,479,Mulher
298.0,1490.0,480.0,700.0,75.0,1000.0,18.0,480,Mulher
298.6,1493.0,481.0,700.0,75.0,1000.0,18.0,481,Mulher
299.2,1496.0,482.0,700.0,75.0,1000.0,18.0,482,Mulher
299.8,1499.0,483.0,700.0,75.0,1000.0,18.0,483,Mulher
300.4,1502.0,484.0,700.0,75.0,1000.0,18.0,484,Mulher
301.0,1505.0,485.0,700.0,75.0,1000.0,18.0,485,Mulher
301.6,1508.0,486.0,700.0,75.0,1000.0,18.0,486,Mulher
302.2,1511.0,487.0,700.0,75.0,1000.0,18.0,487,Mulher
302.8,1514.0,488.0,700.0,75.0,1000.0,18.0,488,Mulher
303.4,1517.0,489.0,700.0,75.0,1000.0,18.0,489,Mulher
304.0,1520.0,490.0,700.0,75.0,1000.0,18.0,490,Mulher
304.6,1523.0,491.0,700.0,75.0,1000.0,18.0,491,Mulher
305.2,1526.0,492.0,700.0,75.0,1000.0,18.0,492,Mulher
305.8,1529.0,493.0,700.0,75.0,1000.0,18.0,493,Mulher
306.4,1532.0,494.0,700.0,75.0,1000.0,18.0,494,Mulher
307.0,1535.0,495.0,700.0,75.0,1000.0,18.0,495,Mulher
307.6,1538.0,496.0,700.0,75.0,1000.0,18.0,496,Mulher
308.2,1541.0,497.0,700.0,75.0,1000.0,18.0,497,Mulher
308.8,1544.0,498.0,700.0,75.0,1000.0,18.0,498,Mulher
309.4,1547.0,499.0,700.0,75.0,1000.0,18.0,499,Mulher
310.0,1550.0,500.0,700.0,75.0,1000.0,18.0,500,Mulher
310.6,1553.0,501.0,700.0,75.0,1000.0,18.0,501,Mulher
311.2,1556.0,502.0,700.0,75.0,1000.0,18.0,502,Mulher
311.8,1559.0,503.0,700.0,75.0,1000.0,18.0,503,Mulher
312.4,1562.0,504.0,700.0,75.0,1000.0,18.0,504,Mulher
313.0,1565.0,505.0,700.0,75.0,1000.0,18.0,505,Mulher
313.6,1568.0,506.0,700.0,75.0,1000.0,18.0,506,Mulher
314.2,1571.0,507.0,700.0,75.0,1000.0,18.0,507,Mulher
314.8,1574.0,508.0,700.0,75.0,1000.0,18.0,508,Mulher
315.4,1577.0,509.0,700.0,75.0,1000.0,18.0,509,Mulher
316.0,1580.0,510.0,700.0,75.0,1000.0,18.0,510,Mulher
316.6,1583.0,511.0,700.0,75.0,1000.0,18.0,511,Mulher
317.2,1586.0,512.0,700.0,75.0,1000.0,18.0,512,Mulher
317.8,1589.0,513.0,700.0,75.0,1000.0,18.0,513,Mulher
318.4,1592.0,514.0,700.0,75.0,1000.0,18.0,514,Mulher
319.0,1595.0,515.0,700.0,75.0,1000.0,18.0,515,Mulher
319.6,1598.0,516.0,700.0,75.0,1000.0,18.0,516,Mulher
320.2,1601.0,517.0,700.0,75.0,1000.0,18.0,517,Mulher
320.8,1604.0,518.0,700.0,75.0,1000.0,18.0,518,Mulher
321.4,1607.0,519.0,700.0,75.0,1000.0,18.0,519,Mulher
322.0,1610.0,520.0,700.0,75.0,1000.0,18.0,520,Mulher
322.6,1613.0,521.0,700.0,75.0,1000.0,18.0,521,Mulher
323.2,1616.0,522.0,700.0,75.0,1000.0,18.0,522,Mulher
323.8,1619.0,523.0,700.0,75.0,1000.0,18.0,523,Mulher
324.4,1622.0,524.0,700.0,75.0,1000.0,18.0,524,Mulher
325.0,1625.0,525.0,700.0,75.0,1000.0,18.0,525,Mulher
325.6,1628.0,526.0,700.0,75.0,1000.0,18.0,526,Mulher
326.2,1631.0,527.0,700.0,75.0,1000.0,18.0,527,Mulher
326.8,1634.0,528.0,700.0,75.0,1000.0,18.0,528,Mulher
327.4,1637.0,529.0,700.0,75.0,1000.0,18.0,529,Mulher
328.0,1640.0,530.0,700.0,75.0,1000.0,18.0,530,Mulher
328.6,1643.0,531.0,700.0,75.0,1000.0,18.0,531,Mulher
329.2,1646.0,532.0,700.0,75.0,1000.0,18.0,532,Mulher
329.8,1649.0,533.0,700.0,75.0,1000.0,18.0,533,Mulher
330.4,1652.0,534.0,700.0,75.0,1000.0,18.0,534,Mulher
331.0,1655.0,535.0,700.0,75.0,1000.0,18.0,535,Mulher
331.6,1658.0,536.0,700.0,75.0,1000.0,18.0,536,Mulher
332.2,1661.0,537.0,700.0,75.0,1000.0,18.0,537,Mulher
332.8,1664.0,538.0,700.0,75.0,1000.0,18.0,538,Mulher
333.4,1667.0,539.0,700.0,75.0,1000.0,18.0,539,Mulher
334.0,1670.0,540.0,700.0,75.0,1000.0,18.0,540,Mulher
334.6,1673.0,541.0,700.0,75.0,1000.0,18.0,541,Mulher
335.2,1676.0,542.0,700.0,75.0,1000.0,18.0,542,Mulher
335.8,1679.0,543.0,700.0,75.0,1000.0,18.0,543,Mulher
336.4,1682.0,544.0,700.0,75.0,1000.0,18.0,544,Mulher
337.0,1685.0,545.0,700.0,75.0,1000.0,18.0,545,Mulher
337.6,1688.0,546.0,700.0,75.0,1000.0,18.0,546,Mulher
338.2,1691.0,547.0,700.0,75.0,1000.0,18.0,547,Mulher
338.8,1694.0,548.0,700.0,75.0,1000.0,18.0,548,Mulher
339.4,1697.0,549.0,700.0,75.0,1000.0,18.0,549,Mulher
340.0,1700.0,550.0,700.0,75.0,1000.0,18.0,550,Mulher
340.6,1703.0,551.0,700.0,75.0,1000.0,18.0,551,Mulher
341.2,1706.0,552.0,700.0,75.0,1000.0,18.0,552,Mulher
341.8,1709.0,553.0,700.0,75.0,1000.0,18.0,553,Mulher
342.4,1712.0,554.0,700.0,75.0,1000.0,18.0,554,Mulher
343.0,1715.0,555.0,700.0,75.0,1000.0,18.0,555,Mulher
343.6,1718.0,556.0,700.0,75.0,1000.0,18.0,556,Mulher
344.2,1721.0,557.0,700.0,75.0,1000.0,18.0,557,Mulher
344.8,1724.0,558.0,700.0,75.0,1000.0,18.0,558,Mulher
345.4,1727.0,559.0,700.0,75.0,1000.0,18.0,559,Mulher
346.0,1730.0,560.0,700.0,75.0,1000.0,18.0,560,Mulher
346.6,1733.0,561.0,700.0,75.0,1000.0,18.0,561,Mulher
347.2,1736.0,562.0,700.0,75.0,1000.0,18.0,562,Mulher
347.8,1739.0,563.0,700.0,75.0,1000.0,18.0,563,Mulher
348.4,1742.0,564.0,700.0,75.0,1000.0,18.0,564,Mulher
349.0,1745.0,565.0,700.0,75.0,1000.0,18.0,565,Mulher
349.6,1748.0,566.0,700.0,75.0,1000.0,18.0,566,Mulher
350.2,1751.0,567.0,700.0,75.0,1000.0,18.0,567,Mulher
350.8,1754.0,568.0,700.0,75.0,1000.0,18.0,568,Mulher
351.4,1757.0,569.0,700.0,75.0,1000.0,18.0,569,Mulher
352.0,1760.0,570.0,700.0,75.0,1000.0,18.0,570,Mulher
352.6,1763.0,571.0,700.0,75.0,1000.0,18.0,571,Mulher
353.2,1766.0,572.0,700.0,75.0,1000.0,18.0,572,Mulher
353.8,1769.0,573.0,700.0,75.0,1000.0,18.0,573,Mulher
354.4,1772.0,574.0,700.0,75.0,1000.0,18.0,574,Mulher
355.0,1775.0,575.0,700.0,75.0,1000.0,18.0,575,Mulher
355.6,1778.0,576.0,700.0,75.0,1000.0,18.0,576,Mulher
356.2,1781.0,577.0,700.0,75.0,1000.0,18.0,577,Mulher
356.8,1784.0,578.0,700.0,75.0,1000.0,18.0,578,Mulher
357.4,1787.0,579.0,700.0,75.0,1000.0,18.0,579,Mulher
358.0,1790.0,580.0,700.0,75.0,1000.0,18.0,580,Mulher
358.6,1793.0,581.0,700.0,75.0,1000.0,18.0,581,Mulher
359.2,1796.0,582.0,700.0,75.0,1000.0,18.0,582,Mulher
359.8,1799.0,583.0,700.0,75.0,1000.0,18.0,583,Mulher
360.4,1802.0,584.0,700.0,75.0,1000.0,18.0,584,Mulher
361.0,1805.0,585.0,700.0,75.0,1000.0,18.0,585,Mulher
361.6,1808.0,586.0,700.0,75.0,1000.0,18.0,586,Mulher
362.2,1811.0,587.0,700.0,75.0,1000.0,18.0,587,Mulher
362.8,1814.0,588.0,700.0,75.0,1000.0,18.0,588,Mulher
363.4,1817.0,589.0,700.0,75.0,1000.0,18.0,589,Mulher
364.0,1820.0,590.0,700.0,75.0,1000.0,18.0,590,Mulher
364.6,1823.0,591.0,700.0,75.0,1000.0,18.0,591,Mulher
365.2,1826.0,592.0,700.0,75.0,1000.0,18.0,592,Mulher
365.8,1829.0,593.0,700.0,75.0,1000.0,18.0,593,Mulher
366.4,1832.0,594.0,700.0,75.0,1000.0,18.0,594,Mulher
367.0,1835.0,595.0,700.0,75.0,1000.0,18.0,595,Mulher
367.6,1838.0,596.0,700.0,75.0,1000.0,18.0,596,Mulher
368.2,1841.0,597.0,700.0,75.0,1000.0,18.0,597,Mulher
368.8,1844.0,598.0,700.0,75.0,1000.0,18.0,598,Mulher
369.4,1847.0,599.0,700.0,75.0,1000.0,18.0,599,Mulher
370.0,1850.0,600.0,700.0,75.0,1000.0,18.0,600,Mulher
370.6,1853.0,601.0,700.0,75.0,1000.0,18.0,601,Mulher
371.2,1856.0,602.0,700.0,75.0,1000.0,18.0,602,Mulher
371.8,1859.0,603.0,700.0,75.0,1000.0,18.0,603,Mulher
372.4,1862.0,604.0,700.0,75.0,1000.0,18.0,604,Mulher
373.0,1865.0,605.0,700.0,75.0,1000.0,18.0,605,Mulher
373.6,1868.0,606.0,700.0,75.0,1000.0,18.0,606,Mulher
374.2,1871.0,607.0,700.0,75.0,1000.0,18.0,607,Mulher
374.8,1874.0,608.0,700.0,75.0,1000.0,18.0,608,Mulher
375.4,1877.0,609.0,700.0,75.0,1000.0,18.0,609,Mulher
376.0,1880.0,610.0,700.0,75.0,1000.0,18.0,610,Mulher
376.6,1883.0,611.0,700.0,75.0,1000.0,18.0,611,Mulher
377.2,1886.0,612.0,700.0,75.0,1000.0,18.0,612,Mulher
377.8,1889.0,613.0,700.0,75.0,1000.0,18.0,613,Mulher
378.4,1892.0,614.0,700.0,75.0,1000.0,18.0,614,Mulher
379.0,1895.0,615.0,700.0,75.0,1000.0,18.0,615,Mulher
379.6,1898.0,616.0,700.0,75.0,1000.0,18.0,616,Mulher
380.2,1901.0,617.0,700.0,75.0,1000.0,18.0,617,Mulher
380.8,1904.0,618.0,700.0,75.0,1000.0,18.0,618,Mulher
381.4,1907.0,619.0,700.0,75.0,1000.0,18.0,619,Mulher
382.0,1910.0,620.0,700.0,75.0,1000.0,18.0,620,Mulher
382.6,1913.0,621.0,700.0,75.0,1000.0,18.0,621,Mulher
383.2,1916.0,622.0,700.0,75.0,1000.0,18.0,622,Mulher
383.8,1919.0,623.0,700.0,75.0,1000.0,18.0,623,Mulher
384.4,1922.0,624.0,700.0,75.0,1000.0,18.0,624,Mulher
385.0,1925.0,625.0,700.0,75.0,1000.0,18.0,625,Mulher
385.6,1928.0,626.0,700.0,75.0,1000.0,18.0,626,Mulher
386.2,1931.0,627.0,700.0,75.0,1000.0,18.0,627,Mulher
386.8,1934.0,628.0,700.0,75.0,1000.0,18.0,628,Mulher
387.4,1937.0,629.0,700.0,75.0,1000.0,18.0,629,Mulher
388.0,1940.0,630.0,700.0,75.0,1000.0,18.0,630,Mulher
388.6,1943.0,631.0,700.0,75.0,1000.0,18.0,631,Mulher
389.2,1946.0,632.0,700.0,75.0,1000.0,18.0,632,Mulher
389.8,1949.0,633.0,700.0,75.0,1000.0,18.0,633,Mulher
390.4,1952.0,634.0,700.0,75.0,1000.0,18.0,634,Mulher
391.0,1955.0,635.0,700.0,75.0,1000.0,18.0,635,Mulher
